<?xml version = '1.0' encoding = 'UTF-8'?>
<DomainFile class="oracle.dbtools.crest.model.design.DomainFileWrapper" fileName="DOMINIOS_AM_1TBDA_V$DATABEER">
   <domains>
      <Domain class="oracle.dbtools.crest.model.design.Domain" name="tp_telefone" id="0F741C97-E656-7B82-E96D-94FD2677C347">
         <createdBy>rm74295</createdBy>
         <createdTime>2016-05-10 14:12:12 UTC</createdTime>
         <ownerDesignName>Modelo Dimensional</ownerDesignName>
         <importedID>0F741C97-E656-7B82-E96D-94FD2677C347</importedID>
         <avTSortOrder>0</avTSortOrder>
         <dataTypeSize>12 CHAR</dataTypeSize>
         <fileName>DOMINIOS_AM_1TBDA_V$DATABEER</fileName>
         <logicalDatatype>LOGDT024</logicalDatatype>
         <listOfValues>
            <valueDef value="celular" description="Telefone celular"/>
            <valueDef value="comercial" description="Telefone comercial"/>
            <valueDef value="residencial" description="Telefone residencial"/>
         </listOfValues>
      </Domain>
      <Domain class="oracle.dbtools.crest.model.design.Domain" name="tp_clima" id="2165FD74-F91F-2F59-9261-CBF2DD7A337C">
         <createdBy>rm74295</createdBy>
         <createdTime>2016-05-10 14:12:12 UTC</createdTime>
         <ownerDesignName>Modelo Dimensional</ownerDesignName>
         <importedID>2165FD74-F91F-2F59-9261-CBF2DD7A337C</importedID>
         <avTSortOrder>0</avTSortOrder>
         <dataTypeSize>7 CHAR</dataTypeSize>
         <fileName>DOMINIOS_AM_1TBDA_V$DATABEER</fileName>
         <logicalDatatype>LOGDT024</logicalDatatype>
         <listOfValues>
            <valueDef value="aberto" description="Aberto"/>
            <valueDef value="chuvoso" description="Chuvoso"/>
            <valueDef value="nublado" description="Nublado"/>
         </listOfValues>
      </Domain>
      <Domain class="oracle.dbtools.crest.model.design.Domain" name="tp_pagamento" id="220E9FE4-F330-5138-0F67-6D3E72692BE6">
         <createdBy>Mac</createdBy>
         <createdTime>2016-05-05 20:43:31 UTC</createdTime>
         <ownerDesignName>Modelo Dimensional</ownerDesignName>
         <importedID>220E9FE4-F330-5138-0F67-6D3E72692BE6</importedID>
         <avTSortOrder>0</avTSortOrder>
         <dataTypeSize>8 CHAR</dataTypeSize>
         <fileName>DOMINIOS_AM_1TBDA_V$DATABEER</fileName>
         <logicalDatatype>LOGDT024</logicalDatatype>
         <listOfValues>
            <valueDef value="credito" description="Pagamento com cartao de crÃƒÆ’Ã‚Â©dito"/>
            <valueDef value="debito" description="Pagamento com cartÃƒÆ’Ã‚Â£o de dÃƒÆ’Ã‚Â©bito"/>
            <valueDef value="dinheiro" description="Pagamento em dinheiro"/>
         </listOfValues>
      </Domain>
      <Domain class="oracle.dbtools.crest.model.design.Domain" name="ds_sexo" id="393B8EE7-74E1-7D41-6480-C0222E3DA549">
         <createdBy>rm74295</createdBy>
         <createdTime>2016-05-10 14:12:12 UTC</createdTime>
         <ownerDesignName>Modelo Dimensional</ownerDesignName>
         <importedID>393B8EE7-74E1-7D41-6480-C0222E3DA549</importedID>
         <avTSortOrder>0</avTSortOrder>
         <dataTypeSize>1 CHAR</dataTypeSize>
         <fileName>DOMINIOS_AM_1TBDA_V$DATABEER</fileName>
         <logicalDatatype>LOGDT025</logicalDatatype>
         <listOfValues>
            <valueDef value="f" description="Feminino"/>
            <valueDef value="m" description="Masculino"/>
         </listOfValues>
      </Domain>
      <Domain class="oracle.dbtools.crest.model.design.Domain" name="tp_trasporte" id="4E34BCC7-672B-2B76-2E3A-73A2DCF10E43">
         <createdBy>rm74295</createdBy>
         <createdTime>2016-05-10 14:12:12 UTC</createdTime>
         <ownerDesignName>Modelo Dimensional</ownerDesignName>
         <importedID>4E34BCC7-672B-2B76-2E3A-73A2DCF10E43</importedID>
         <avTSortOrder>0</avTSortOrder>
         <dataTypeSize>7 CHAR</dataTypeSize>
         <fileName>DOMINIOS_AM_1TBDA_V$DATABEER</fileName>
         <logicalDatatype>LOGDT024</logicalDatatype>
         <listOfValues>
            <valueDef value="Particular" description="Transporte Particular"/>
            <valueDef value="Privado" description="Transporte Privado"/>
            <valueDef value="Publico" description="Transporte Publico"/>
         </listOfValues>
      </Domain>
      <Domain class="oracle.dbtools.crest.model.design.Domain" name="fm_cerveja" id="7FF240B4-AEE7-F95B-2CEC-243A1E3FDBBC">
         <createdBy>rm74295</createdBy>
         <createdTime>2016-05-10 14:12:12 UTC</createdTime>
         <ownerDesignName>Modelo Dimensional</ownerDesignName>
         <importedID>7FF240B4-AEE7-F95B-2CEC-243A1E3FDBBC</importedID>
         <avTSortOrder>0</avTSortOrder>
         <dataTypeSize>5 CHAR</dataTypeSize>
         <fileName>DOMINIOS_AM_1TBDA_V$DATABEER</fileName>
         <logicalDatatype>LOGDT024</logicalDatatype>
         <listOfValues>
            <valueDef value="ale" description="Ale"/>
            <valueDef value="lager" description="Lager"/>
         </listOfValues>
      </Domain>
      <Domain class="oracle.dbtools.crest.model.design.Domain" name="ds_amargor_cerveja" id="881CFEFE-1105-4F67-C89C-C5545D968DE8">
         <createdBy>rm74295</createdBy>
         <createdTime>2016-05-10 14:12:12 UTC</createdTime>
         <ownerDesignName>Modelo Dimensional</ownerDesignName>
         <importedID>881CFEFE-1105-4F67-C89C-C5545D968DE8</importedID>
         <avTSortOrder>0</avTSortOrder>
         <dataTypeSize>5 CHAR</dataTypeSize>
         <fileName>DOMINIOS_AM_1TBDA_V$DATABEER</fileName>
         <logicalDatatype>LOGDT024</logicalDatatype>
         <listOfValues>
            <valueDef value="alto" description="Alto amargor"/>
            <valueDef value="baixo" description="Baixo amargor"/>
            <valueDef value="medio" description="MÃƒÆ’Ã†â€™Ãƒâ€ Ã¢â‚¬â„¢ÃƒÆ’Ã¢â‚¬Â ÃƒÂ¢Ã¢â€šÂ¬Ã¢â€žÂ¢ÃƒÆ’Ã†â€™ÃƒÂ¢Ã¢â€šÂ¬Ã‚Â ÃƒÆ’Ã‚Â¢ÃƒÂ¢Ã¢â‚¬Å¡Ã‚Â¬ÃƒÂ¢Ã¢â‚¬Å¾Ã‚Â¢ÃƒÆ’Ã†â€™Ãƒâ€ Ã¢â‚¬â„¢ÃƒÆ’Ã‚Â¢ÃƒÂ¢Ã¢â‚¬Å¡Ã‚Â¬Ãƒâ€šÃ‚Â ÃƒÆ’Ã†â€™Ãƒâ€šÃ‚Â¢ÃƒÆ’Ã‚Â¢ÃƒÂ¢Ã¢â€šÂ¬Ã…Â¡Ãƒâ€šÃ‚Â¬ÃƒÆ’Ã‚Â¢ÃƒÂ¢Ã¢â€šÂ¬Ã…Â¾Ãƒâ€šÃ‚Â¢ÃƒÆ’Ã†â€™Ãƒâ€ Ã¢â‚¬â„¢ÃƒÆ’Ã¢â‚¬Â ÃƒÂ¢Ã¢â€šÂ¬Ã¢â€žÂ¢ÃƒÆ’Ã†â€™Ãƒâ€šÃ‚Â¢ÃƒÆ’Ã‚Â¢ÃƒÂ¢Ã¢â€šÂ¬Ã…Â¡Ãƒâ€šÃ‚Â¬ÃƒÆ’Ã¢â‚¬Â¦Ãƒâ€šÃ‚Â¡ÃƒÆ’Ã†â€™Ãƒâ€ Ã¢â‚¬â„¢ÃƒÆ’Ã‚Â¢ÃƒÂ¢Ã¢â‚¬Å¡Ã‚Â¬Ãƒâ€¦Ã‚Â¡ÃƒÆ’Ã†â€™ÃƒÂ¢Ã¢â€šÂ¬Ã…Â¡ÃƒÆ’Ã¢â‚¬Å¡Ãƒâ€šÃ‚Â©dio amargor"/>
         </listOfValues>
      </Domain>
      <Domain class="oracle.dbtools.crest.model.design.Domain" name="tp_unidade" id="96E11AE8-85AB-5211-27FD-3775BE9F4B51">
         <createdBy>rm74295</createdBy>
         <createdTime>2016-05-10 14:12:12 UTC</createdTime>
         <ownerDesignName>Modelo Dimensional</ownerDesignName>
         <importedID>96E11AE8-85AB-5211-27FD-3775BE9F4B51</importedID>
         <avTSortOrder>0</avTSortOrder>
         <dataTypeSize>10 CHAR</dataTypeSize>
         <fileName>DOMINIOS_AM_1TBDA_V$DATABEER</fileName>
         <logicalDatatype>LOGDT024</logicalDatatype>
         <listOfValues>
            <valueDef value="franquiada" description="Loja de franquia"/>
            <valueDef value="propria" description="Loja propria MrBeer"/>
         </listOfValues>
      </Domain>
      <Domain class="oracle.dbtools.crest.model.design.Domain" name="tp_logradouro" id="9FAD39E0-3902-AE3C-5D3D-87D040B432D8">
         <createdBy>rm74295</createdBy>
         <createdTime>2016-05-10 14:12:12 UTC</createdTime>
         <ownerDesignName>Modelo Dimensional</ownerDesignName>
         <importedID>9FAD39E0-3902-AE3C-5D3D-87D040B432D8</importedID>
         <avTSortOrder>0</avTSortOrder>
         <dataTypeSize>8 CHAR</dataTypeSize>
         <fileName>DOMINIOS_AM_1TBDA_V$DATABEER</fileName>
         <logicalDatatype>LOGDT024</logicalDatatype>
         <listOfValues>
            <valueDef value="alameda" description="Alameda"/>
            <valueDef value="avenida" description="Avenida"/>
            <valueDef value="beco" description="Beco"/>
            <valueDef value="estrada" description="Estrada"/>
            <valueDef value="fazenda" description="Fazenda"/>
            <valueDef value="ladeira" description="Ladeira"/>
            <valueDef value="largo" description="Largo"/>
            <valueDef value="rodovia" description="Rodovia"/>
            <valueDef value="rua" description="Rua"/>
            <valueDef value="travessa" description="Travessa"/>
         </listOfValues>
      </Domain>
      <Domain class="oracle.dbtools.crest.model.design.Domain" name="ds_estado_civil" id="D1875A7F-6E11-3124-3275-AF33A7C1F1CB">
         <createdBy>rm74295</createdBy>
         <createdTime>2016-05-10 14:12:12 UTC</createdTime>
         <ownerDesignName>Modelo Dimensional</ownerDesignName>
         <importedID>D1875A7F-6E11-3124-3275-AF33A7C1F1CB</importedID>
         <avTSortOrder>0</avTSortOrder>
         <dataTypeSize>10 CHAR</dataTypeSize>
         <fileName>DOMINIOS_AM_1TBDA_V$DATABEER</fileName>
         <logicalDatatype>LOGDT024</logicalDatatype>
         <listOfValues>
            <valueDef value="casado" description="Casado(a)"/>
            <valueDef value="divorciado" description="Divorciado(a)"/>
            <valueDef value="solteiro" description="Solteiro(a)"/>
            <valueDef value="viuvo" description="ViÃƒÆ’Ã†â€™Ãƒâ€ Ã¢â‚¬â„¢ÃƒÆ’Ã¢â‚¬Â ÃƒÂ¢Ã¢â€šÂ¬Ã¢â€žÂ¢ÃƒÆ’Ã†â€™ÃƒÂ¢Ã¢â€šÂ¬Ã‚Â ÃƒÆ’Ã‚Â¢ÃƒÂ¢Ã¢â‚¬Å¡Ã‚Â¬ÃƒÂ¢Ã¢â‚¬Å¾Ã‚Â¢ÃƒÆ’Ã†â€™Ãƒâ€ Ã¢â‚¬â„¢ÃƒÆ’Ã‚Â¢ÃƒÂ¢Ã¢â‚¬Å¡Ã‚Â¬Ãƒâ€¦Ã‚Â¡ÃƒÆ’Ã†â€™ÃƒÂ¢Ã¢â€šÂ¬Ã…Â¡ÃƒÆ’Ã¢â‚¬Å¡Ãƒâ€šÃ‚Âºvo(a)"/>
         </listOfValues>
      </Domain>
      <Domain class="oracle.dbtools.crest.model.design.Domain" name="tp_venda" id="D3C45223-4F3E-37F3-93AF-FC5D51090B01">
         <createdBy>rm74295</createdBy>
         <createdTime>2016-05-10 14:12:12 UTC</createdTime>
         <ownerDesignName>Modelo Dimensional</ownerDesignName>
         <importedID>D3C45223-4F3E-37F3-93AF-FC5D51090B01</importedID>
         <avTSortOrder>0</avTSortOrder>
         <dataTypeSize>7 CHAR</dataTypeSize>
         <fileName>DOMINIOS_AM_1TBDA_V$DATABEER</fileName>
         <logicalDatatype>LOGDT024</logicalDatatype>
         <listOfValues>
            <valueDef value="avulso" description="Compra de produtos sem consumir na loja"/>
            <valueDef value="comanda" description="Compra de produtos para consumo na loja"/>
         </listOfValues>
      </Domain>
      <Domain class="oracle.dbtools.crest.model.design.Domain" name="Unknown" id="DOM3000004">
         <createdBy>rm74295</createdBy>
         <createdTime>2016-05-10 13:34:21 UTC</createdTime>
         <ownerDesignName>Modelo Dimensional</ownerDesignName>
         <importedID>DOM3000004</importedID>
         <avTSortOrder>0</avTSortOrder>
         <fileName>DOMINIOS_AM_1TBDA_V$DATABEER</fileName>
         <logicalDatatype>LOGDT017</logicalDatatype>
      </Domain>
      <Domain class="oracle.dbtools.crest.model.design.Domain" name="tp_cupom" id="F7499C36-3AB6-9A0D-664E-D5C133EBCD19">
         <createdBy>rm74295</createdBy>
         <createdTime>2016-05-10 14:12:12 UTC</createdTime>
         <ownerDesignName>Modelo Dimensional</ownerDesignName>
         <importedID>F7499C36-3AB6-9A0D-664E-D5C133EBCD19</importedID>
         <avTSortOrder>0</avTSortOrder>
         <dataTypeSize>12</dataTypeSize>
         <fileName>DOMINIOS_AM_1TBDA_V$DATABEER</fileName>
         <logicalDatatype>LOGDT024</logicalDatatype>
         <listOfValues>
            <valueDef value="reutilizavel" description="ReutilizÃƒÆ’Ã‚Â¡vel"/>
            <valueDef value="unico" description="ÃƒÆ’Ã…Â¡nico"/>
         </listOfValues>
      </Domain>
   </domains>
</DomainFile>