<?xml version = '1.0' encoding = 'UTF-8'?>
<Diagram class="oracle.dbtools.crest.swingui.multidimensional.DPVMultidimensional" name="Multidimensional_1" id="07B34FDE-16AD-F4C5-7535-62B46DC54D2A">
<createdBy>rm74295</createdBy>
<modifiedBy>rm74295</modifiedBy>
<createdTime>2016-05-03 13:14:52 UTC</createdTime>
<autoRoute>false</autoRoute>
<boxInbox>true</boxInbox>
<showLegend>false</showLegend>
<showLabels>false</showLabels>
<showRelAttributes>false</showRelAttributes>
<gridEnabled>false</gridEnabled>
<showGrid>false</showGrid>
<diagramColor>-1</diagramColor>
<display>false</display>
<notation>1</notation>
<compactDiagram class="oracle.dbtools.crest.swingui.multidimensional.DPVCompactMultidimentional" name="Multidimensional_1 - Compact Diagram" id="B569ECF5-C774-20F7-BCD6-33BF9EC0C4E9">
<createdBy>rm74295</createdBy>
<modifiedBy>rm74295</modifiedBy>
<createdTime>2016-05-03 13:14:52 UTC</createdTime>
<autoRoute>false</autoRoute>
<boxInbox>true</boxInbox>
<showLegend>false</showLegend>
<showLabels>false</showLabels>
<showRelAttributes>false</showRelAttributes>
<gridEnabled>false</gridEnabled>
<showGrid>false</showGrid>
<diagramColor>-1</diagramColor>
<display>false</display>
<notation>1</notation>
</compactDiagram>
</Diagram>