<?xml version = '1.0' encoding = 'UTF-8'?>
<Table class="oracle.dbtools.crest.model.design.relational.Table" directorySegmentName="seg_0" id="0C40F06D-422A-A599-814F-5C4E235E9844" name="DIM_PAGAMENTO">
<createdBy>rm74295</createdBy>
<createdTime>2016-05-20 13:38:15 UTC</createdTime>
<generatorID>6D1B9952-7BD8-1532-A503-A4DE53F03959</generatorID>
<ownerDesignName>Modelo Dimensional</ownerDesignName>
<allowColumnReorder>false</allowColumnReorder>
<existDependencyGenerateInDDl>true</existDependencyGenerateInDDl>
<parsed>true</parsed>
<columns itemClass="oracle.dbtools.crest.model.design.relational.Column">
<Column name="sk_pagamento" id="804423DB-51C2-CDC9-6945-D2CDFA898F5D">
<createdBy>rm74295</createdBy>
<createdTime>2016-05-20 13:38:15 UTC</createdTime>
<comment>Codigo do pagamento ( chave primaria)</comment>
<generatorID>A5F74B63-DA02-47EF-E80F-07E3E8AE8F88</generatorID>
<ownerDesignName>Modelo Dimensional</ownerDesignName>
<useDomainConstraints>false</useDomainConstraints>
<use>1</use>
<logicalDatatype>LOGDT011</logicalDatatype>
<ownDataTypeParameters>,,</ownDataTypeParameters>
<autoIncrementCycle>false</autoIncrementCycle>
</Column>
<Column name="nk_pagamento" id="1128213E-99DA-7BFB-DF79-8567E165516C">
<createdBy>rm74295</createdBy>
<createdTime>2016-05-20 13:38:15 UTC</createdTime>
<generatorID>B855FC7B-1779-DC11-F69A-D56BFB211D4F</generatorID>
<ownerDesignName>Modelo Dimensional</ownerDesignName>
<useDomainConstraints>false</useDomainConstraints>
<use>1</use>
<logicalDatatype>LOGDT011</logicalDatatype>
<ownDataTypeParameters>,,</ownDataTypeParameters>
<autoIncrementCycle>false</autoIncrementCycle>
</Column>
<Column name="tp_pagamento" id="ACB2D029-2039-B1B0-FBA2-72DCA09DDEB5">
<createdBy>rm74295</createdBy>
<createdTime>2016-05-20 13:38:15 UTC</createdTime>
<comment>Forma de pagamento</comment>
<generatorID>B28E5080-5FB1-97E5-17D0-D3CD7DD390E1</generatorID>
<ownerDesignName>Modelo Dimensional</ownerDesignName>
<use>0</use>
<logicalDatatype>LOGDT024</logicalDatatype>
<domain>220E9FE4-F330-5138-0F67-6D3E72692BE6</domain>
<ownDataTypeParameters>,,</ownDataTypeParameters>
<autoIncrementCycle>false</autoIncrementCycle>
</Column>
<Column name="dt_pagamento" id="FF82938F-B626-DB20-370B-0BB2935C04DE">
<createdBy>rm74295</createdBy>
<createdTime>2016-05-20 13:38:15 UTC</createdTime>
<comment>Data do pagamento</comment>
<generatorID>91D0CF0A-8E24-E2D0-AEA0-DF7518025CED</generatorID>
<ownerDesignName>Modelo Dimensional</ownerDesignName>
<useDomainConstraints>false</useDomainConstraints>
<use>1</use>
<logicalDatatype>LOGDT008</logicalDatatype>
<ownDataTypeParameters>,,</ownDataTypeParameters>
<autoIncrementCycle>false</autoIncrementCycle>
</Column>
<Column name="vl_pagamento" id="5D176AEF-0950-5795-01B4-29980EF7C5BD">
<createdBy>rm74295</createdBy>
<createdTime>2016-05-20 13:38:15 UTC</createdTime>
<comment>Valor do pagamento</comment>
<generatorID>41203747-DBAC-C06E-9FB9-9BED945269CD</generatorID>
<ownerDesignName>Modelo Dimensional</ownerDesignName>
<useDomainConstraints>false</useDomainConstraints>
<use>1</use>
<logicalDatatype>LOGDT019</logicalDatatype>
<dataTypeScale>11</dataTypeScale>
<ownDataTypeParameters>,,11</ownDataTypeParameters>
<autoIncrementCycle>false</autoIncrementCycle>
</Column>
<Column name="nk_venda" id="E58EC75B-0259-97F2-6FF4-B2EAA13D7ED4">
<createdBy>rm74295</createdBy>
<createdTime>2016-05-20 13:38:15 UTC</createdTime>
<comment>Codigo da venda ( chave primaria)</comment>
<generatorID>1DD4D3CD-9E03-605A-59DB-2D432E74939B</generatorID>
<ownerDesignName>Modelo Dimensional</ownerDesignName>
<useDomainConstraints>false</useDomainConstraints>
<use>1</use>
<logicalDatatype>LOGDT011</logicalDatatype>
<ownDataTypeParameters>,,</ownDataTypeParameters>
<autoIncrementCycle>false</autoIncrementCycle>
</Column>
</columns>
<indexes itemClass="oracle.dbtools.crest.model.design.relational.Index">
<ind_PK_UK id="04BE7E49-F40E-677B-65D1-1CFC4FD448DB" name="DIM_PAGAMENTO_PK">
<createdBy>rm74295</createdBy>
<createdTime>2016-05-20 13:38:15 UTC</createdTime>
<generatorID>9D65F055-DD0C-F6A6-1CA3-201B9379B8A0</generatorID>
<ownerDesignName>Modelo Dimensional</ownerDesignName>
<pk>true</pk>
<indexState>Primary Constraint</indexState>
<isSurrogateKey>false</isSurrogateKey>
<indexColumnUsage>
<colUsage columnID="804423DB-51C2-CDC9-6945-D2CDFA898F5D"/>
</indexColumnUsage>
</ind_PK_UK>
</indexes>
</Table>