<?xml version = '1.0' encoding = 'UTF-8'?>
<Table class="oracle.dbtools.crest.model.design.relational.Table" directorySegmentName="seg_0" id="1A9D64D4-8E7B-46F8-C445-76E95A319E36" name="DIM_CERVEJA">
<createdBy>rm74295</createdBy>
<createdTime>2016-05-20 13:38:15 UTC</createdTime>
<generatorID>9FA695E2-C44B-DD97-758F-D74AAFDECF61</generatorID>
<ownerDesignName>Modelo Dimensional</ownerDesignName>
<allowColumnReorder>false</allowColumnReorder>
<existDependencyGenerateInDDl>true</existDependencyGenerateInDDl>
<parsed>true</parsed>
<columns itemClass="oracle.dbtools.crest.model.design.relational.Column">
<Column name="sk_cerveja" id="8DE129AD-1CFF-DEF6-534F-BE5E65ECA03E">
<createdBy>rm74295</createdBy>
<createdTime>2016-05-20 13:38:15 UTC</createdTime>
<generatorID>B71C7C72-2731-6301-D393-4704067D29D5</generatorID>
<ownerDesignName>Modelo Dimensional</ownerDesignName>
<useDomainConstraints>false</useDomainConstraints>
<use>1</use>
<logicalDatatype>LOGDT011</logicalDatatype>
<ownDataTypeParameters>,,</ownDataTypeParameters>
<autoIncrementCycle>false</autoIncrementCycle>
</Column>
<Column name="ds_amargor_cerveja" id="8225B842-84D0-9919-0B2A-2B362B94E5F3">
<createdBy>rm74295</createdBy>
<createdTime>2016-05-20 13:38:15 UTC</createdTime>
<generatorID>FB58242E-2D5D-98DC-56BB-2588A1BD2A0E</generatorID>
<ownerDesignName>Modelo Dimensional</ownerDesignName>
<use>0</use>
<logicalDatatype>LOGDT024</logicalDatatype>
<dataTypeSize>20</dataTypeSize>
<domain>881CFEFE-1105-4F67-C89C-C5545D968DE8</domain>
<ownDataTypeParameters>20,,</ownDataTypeParameters>
<autoIncrementCycle>false</autoIncrementCycle>
</Column>
<Column name="pe_alcool_cerveja" id="39E219A3-5B22-30D2-C4FA-B71A2E0F229D">
<createdBy>rm74295</createdBy>
<createdTime>2016-05-20 13:38:15 UTC</createdTime>
<generatorID>4A6D1307-F6D4-5209-974D-EC48A1E6494C</generatorID>
<ownerDesignName>Modelo Dimensional</ownerDesignName>
<useDomainConstraints>false</useDomainConstraints>
<use>1</use>
<logicalDatatype>LOGDT019</logicalDatatype>
<dataTypePrecision>2</dataTypePrecision>
<dataTypeScale>4</dataTypeScale>
<ownDataTypeParameters>,2,4</ownDataTypeParameters>
<autoIncrementCycle>false</autoIncrementCycle>
</Column>
<Column name="nk_estilo_cerveja" id="D235C18E-E5E1-0A86-3B63-2D326433D438">
<createdBy>rm74295</createdBy>
<createdTime>2016-05-20 13:38:15 UTC</createdTime>
<generatorID>E9AB87E7-F844-10D8-8856-E264E7D8FE61</generatorID>
<ownerDesignName>Modelo Dimensional</ownerDesignName>
<useDomainConstraints>false</useDomainConstraints>
<use>1</use>
<logicalDatatype>LOGDT011</logicalDatatype>
<ownDataTypeParameters>,,</ownDataTypeParameters>
<autoIncrementCycle>false</autoIncrementCycle>
</Column>
<Column name="nk_pais" id="ED1C57B9-E50B-C68C-66E1-D2134944DD68">
<createdBy>rm74295</createdBy>
<createdTime>2016-05-20 13:38:15 UTC</createdTime>
<generatorID>0AC4394E-FAF3-EC23-CCF3-CA4D2BF76341</generatorID>
<ownerDesignName>Modelo Dimensional</ownerDesignName>
<useDomainConstraints>false</useDomainConstraints>
<use>1</use>
<logicalDatatype>LOGDT011</logicalDatatype>
<ownDataTypeParameters>,,</ownDataTypeParameters>
<autoIncrementCycle>false</autoIncrementCycle>
</Column>
<Column name="ml_cerveja" id="36F94021-88EE-92C2-17BF-F2D7F0498832">
<createdBy>rm74295</createdBy>
<createdTime>2016-05-20 13:38:15 UTC</createdTime>
<generatorID>EE6C0179-E295-9492-DAA3-FFFCC85BAD35</generatorID>
<ownerDesignName>Modelo Dimensional</ownerDesignName>
<useDomainConstraints>false</useDomainConstraints>
<use>1</use>
<logicalDatatype>LOGDT019</logicalDatatype>
<dataTypePrecision>4</dataTypePrecision>
<ownDataTypeParameters>,4,</ownDataTypeParameters>
<autoIncrementCycle>false</autoIncrementCycle>
</Column>
</columns>
<indexes itemClass="oracle.dbtools.crest.model.design.relational.Index">
<ind_PK_UK id="2CDE6BC7-D192-7C5B-0317-D206C527B14D" name="DIM_CERVEJA_PK">
<createdBy>rm74295</createdBy>
<createdTime>2016-05-20 13:38:15 UTC</createdTime>
<generatorID>AC0DB48E-F739-00F5-AB06-C872B683C880</generatorID>
<ownerDesignName>Modelo Dimensional</ownerDesignName>
<pk>true</pk>
<indexState>Primary Constraint</indexState>
<isSurrogateKey>false</isSurrogateKey>
<indexColumnUsage>
<colUsage columnID="8DE129AD-1CFF-DEF6-534F-BE5E65ECA03E"/>
</indexColumnUsage>
</ind_PK_UK>
</indexes>
</Table>