<?xml version = '1.0' encoding = 'UTF-8'?>
<Table class="oracle.dbtools.crest.model.design.relational.Table" directorySegmentName="seg_0" id="39833BE3-A69D-5EB0-CA0A-EC9B19ECAD8B" name="DIM_CLIMA">
<createdBy>rm74295</createdBy>
<createdTime>2016-05-20 13:38:15 UTC</createdTime>
<generatorID>2D4B74E3-88F3-AAE8-499B-C8179D37A4C9</generatorID>
<ownerDesignName>Modelo Dimensional</ownerDesignName>
<allowColumnReorder>false</allowColumnReorder>
<existDependencyGenerateInDDl>true</existDependencyGenerateInDDl>
<parsed>true</parsed>
<columns itemClass="oracle.dbtools.crest.model.design.relational.Column">
<Column name="sk_dt_clima" id="4DD756D0-C0F9-C407-F450-80CCFC03D5BF">
<createdBy>rm74295</createdBy>
<createdTime>2016-05-20 13:38:15 UTC</createdTime>
<comment>Data em relacao ao clima do dia ( chave primaria)</comment>
<generatorID>D9B246DC-1193-8E6D-5F6D-2812583E696A</generatorID>
<ownerDesignName>Modelo Dimensional</ownerDesignName>
<useDomainConstraints>false</useDomainConstraints>
<use>1</use>
<logicalDatatype>LOGDT007</logicalDatatype>
<ownDataTypeParameters>,,</ownDataTypeParameters>
<autoIncrementCycle>false</autoIncrementCycle>
</Column>
<Column name="tm_clima" id="A1273E83-2221-1336-4A94-19746A2FC811">
<createdBy>rm74295</createdBy>
<createdTime>2016-05-20 13:38:15 UTC</createdTime>
<comment>Temperatura no momento da compra</comment>
<generatorID>5F0BBB95-7E81-914B-B004-2CE8A688C415</generatorID>
<ownerDesignName>Modelo Dimensional</ownerDesignName>
<useDomainConstraints>false</useDomainConstraints>
<use>1</use>
<logicalDatatype>LOGDT024</logicalDatatype>
<dataTypeSize>5 CHAR</dataTypeSize>
<ownDataTypeParameters>5 CHAR,,</ownDataTypeParameters>
<autoIncrementCycle>false</autoIncrementCycle>
</Column>
<Column name="tp_clima" id="D319F984-5664-46A1-8C99-19C56371B252">
<createdBy>rm74295</createdBy>
<createdTime>2016-05-20 13:38:15 UTC</createdTime>
<comment>Tipo de clima no dia.</comment>
<generatorID>ABA73EFC-E366-ED97-B251-E25580D2B007</generatorID>
<ownerDesignName>Modelo Dimensional</ownerDesignName>
<useDomainConstraints>false</useDomainConstraints>
<use>1</use>
<logicalDatatype>LOGDT024</logicalDatatype>
<dataTypeSize>10 CHAR</dataTypeSize>
<ownDataTypeParameters>10 CHAR,,</ownDataTypeParameters>
<autoIncrementCycle>false</autoIncrementCycle>
</Column>
</columns>
<indexes itemClass="oracle.dbtools.crest.model.design.relational.Index">
<ind_PK_UK id="0A09C7BC-F6B8-EEC5-4CAB-3F8DF149127C" name="DIM_CLIMA_PK">
<createdBy>rm74295</createdBy>
<createdTime>2016-05-20 13:38:15 UTC</createdTime>
<generatorID>EA5FC606-6485-716A-B715-DEEDCD2A3709</generatorID>
<ownerDesignName>Modelo Dimensional</ownerDesignName>
<pk>true</pk>
<indexState>Primary Constraint</indexState>
<isSurrogateKey>false</isSurrogateKey>
<indexColumnUsage>
<colUsage columnID="4DD756D0-C0F9-C407-F450-80CCFC03D5BF"/>
</indexColumnUsage>
</ind_PK_UK>
</indexes>
</Table>