<?xml version = '1.0' encoding = 'UTF-8'?>
<Table class="oracle.dbtools.crest.model.design.relational.Table" directorySegmentName="seg_0" id="53384D17-68C2-1311-9A80-4414C1D38C30" name="FAT_VENDA">
<createdBy>rm74295</createdBy>
<createdTime>2016-05-20 13:38:15 UTC</createdTime>
<generatorID>7A7A945F-B855-F4FA-84E9-96AFAA0831FE</generatorID>
<ownerDesignName>Modelo Dimensional</ownerDesignName>
<allowColumnReorder>false</allowColumnReorder>
<existDependencyGenerateInDDl>true</existDependencyGenerateInDDl>
<parsed>true</parsed>
<columns itemClass="oracle.dbtools.crest.model.design.relational.Column">
<Column name="DIM_DATA_sk_data" id="9AB4DFDC-4BE8-8453-5E0B-FCA18C97F51D">
<createdBy>rm74295</createdBy>
<createdTime>2016-05-20 13:38:15 UTC</createdTime>
<generatorID>E0F652CD-CA12-AD55-0D1D-8F3385A0703E</generatorID>
<ownerDesignName>Modelo Dimensional</ownerDesignName>
<useDomainConstraints>false</useDomainConstraints>
<use>1</use>
<logicalDatatype>LOGDT011</logicalDatatype>
<ownDataTypeParameters>,,</ownDataTypeParameters>
<previousColumn>false</previousColumn>
<autoIncrementCycle>false</autoIncrementCycle>
<associations>
<colAssociation fkAssociation="8B0F400F-2B86-07CB-AC39-F9AB8B160655" referredColumn="67E6952D-261C-279F-A9A7-6BF19CFAA53F"/>
</associations>
</Column>
<Column name="DIM_FUNCIONARIO_sk_funcionario" id="3B6607B2-DF37-9C63-DFB9-4D24331AE85C">
<createdBy>rm74295</createdBy>
<createdTime>2016-05-20 13:38:15 UTC</createdTime>
<comment>Codigo funcionario (chave primaria)</comment>
<generatorID>E1F9AB85-3C3E-AB0D-CF3A-3FB4451BE070</generatorID>
<ownerDesignName>Modelo Dimensional</ownerDesignName>
<useDomainConstraints>false</useDomainConstraints>
<use>1</use>
<logicalDatatype>LOGDT011</logicalDatatype>
<ownDataTypeParameters>,,</ownDataTypeParameters>
<previousColumn>false</previousColumn>
<autoIncrementCycle>false</autoIncrementCycle>
<associations>
<colAssociation fkAssociation="05CA33F6-7E9C-7062-A0B2-284B225426BE" referredColumn="6595AFB4-5A5A-5D70-9EB9-7D716DCDADFA"/>
</associations>
</Column>
<Column name="DIM_PRODUTO_sk_produto" id="9BFCB04A-C1A4-CEBE-8C4F-B76F6CA396D8">
<createdBy>rm74295</createdBy>
<createdTime>2016-05-20 13:38:15 UTC</createdTime>
<comment>Codigo do produto.</comment>
<generatorID>2CCAE164-E1A2-62F4-A2B1-265655E17005</generatorID>
<ownerDesignName>Modelo Dimensional</ownerDesignName>
<useDomainConstraints>false</useDomainConstraints>
<use>1</use>
<logicalDatatype>LOGDT011</logicalDatatype>
<ownDataTypeParameters>,,</ownDataTypeParameters>
<previousColumn>false</previousColumn>
<autoIncrementCycle>false</autoIncrementCycle>
<associations>
<colAssociation fkAssociation="DEE69B6F-2E25-813F-74D7-4EC382EF95CB" referredColumn="DAF93D80-EFD4-8C80-5D07-A65D443E8F42"/>
</associations>
</Column>
<Column name="DIM_PROMO_sk_promo" id="5FDF53E2-2E78-0414-5465-E9F61143139D">
<createdBy>rm74295</createdBy>
<createdTime>2016-05-20 13:38:15 UTC</createdTime>
<comment>Codigo promocao.</comment>
<generatorID>DB2E3DD3-29D4-D85B-32EE-D2EEDD730465</generatorID>
<ownerDesignName>Modelo Dimensional</ownerDesignName>
<useDomainConstraints>false</useDomainConstraints>
<use>1</use>
<logicalDatatype>LOGDT011</logicalDatatype>
<ownDataTypeParameters>,,</ownDataTypeParameters>
<previousColumn>false</previousColumn>
<autoIncrementCycle>false</autoIncrementCycle>
<associations>
<colAssociation fkAssociation="6D6F799C-07BA-9925-7684-28012883512B" referredColumn="3500F9E8-95AE-3A02-6F08-F23427F24E27"/>
</associations>
</Column>
<Column name="DIM_LOJA_sk_unidade" id="20D11571-5957-D2CD-03C0-0C19FB8BC4E8">
<createdBy>rm74295</createdBy>
<createdTime>2016-05-20 13:38:15 UTC</createdTime>
<comment>Codigo da unidade.</comment>
<generatorID>8FAA23C7-E2B0-0E74-03D8-F0056EAA8F0D</generatorID>
<ownerDesignName>Modelo Dimensional</ownerDesignName>
<useDomainConstraints>false</useDomainConstraints>
<use>1</use>
<logicalDatatype>LOGDT011</logicalDatatype>
<ownDataTypeParameters>,,</ownDataTypeParameters>
<previousColumn>false</previousColumn>
<autoIncrementCycle>false</autoIncrementCycle>
<associations>
<colAssociation fkAssociation="CEE18C5D-39AB-39E1-0CA8-D9FF0DAE0C66" referredColumn="74532942-30E9-AFE5-4A5D-E1D885861755"/>
</associations>
</Column>
<Column name="DIM_PAGAMENTO_sk_pagamento" id="7BB2D30A-647B-B3E4-8208-991810337C6E">
<createdBy>rm74295</createdBy>
<createdTime>2016-05-20 13:38:15 UTC</createdTime>
<comment>Codigo do pagamento ( chave primaria)</comment>
<generatorID>559E2711-176C-9090-758B-330E92985077</generatorID>
<ownerDesignName>Modelo Dimensional</ownerDesignName>
<useDomainConstraints>false</useDomainConstraints>
<use>1</use>
<logicalDatatype>LOGDT011</logicalDatatype>
<ownDataTypeParameters>,,</ownDataTypeParameters>
<previousColumn>false</previousColumn>
<autoIncrementCycle>false</autoIncrementCycle>
<associations>
<colAssociation fkAssociation="CC772A66-F334-C253-F6FC-1C943DBB9E64" referredColumn="804423DB-51C2-CDC9-6945-D2CDFA898F5D"/>
</associations>
</Column>
<Column name="DIM_CLIMA_sk_dt_clima" id="D21E50B5-257B-411D-6487-318939CC216A">
<createdBy>rm74295</createdBy>
<createdTime>2016-05-20 13:38:15 UTC</createdTime>
<comment>Data em relacao ao clima do dia ( chave primaria)</comment>
<generatorID>D6F6202C-8FC2-D811-DAD2-30D46A5D1531</generatorID>
<ownerDesignName>Modelo Dimensional</ownerDesignName>
<useDomainConstraints>false</useDomainConstraints>
<use>1</use>
<logicalDatatype>LOGDT007</logicalDatatype>
<ownDataTypeParameters>,,</ownDataTypeParameters>
<previousColumn>false</previousColumn>
<autoIncrementCycle>false</autoIncrementCycle>
<associations>
<colAssociation fkAssociation="497C1A18-174A-96DA-17BC-8DC0E57BA083" referredColumn="4DD756D0-C0F9-C407-F450-80CCFC03D5BF"/>
</associations>
</Column>
<Column name="DIM_TEMPO_sk_tempo" id="B9402DD6-2F25-7F0A-0F86-4122598BF70B">
<createdBy>rm74295</createdBy>
<createdTime>2016-05-20 13:38:15 UTC</createdTime>
<generatorID>4FD3BCE8-68F2-AED0-B905-5E7E27ADB88D</generatorID>
<ownerDesignName>Modelo Dimensional</ownerDesignName>
<useDomainConstraints>false</useDomainConstraints>
<use>1</use>
<logicalDatatype>LOGDT011</logicalDatatype>
<ownDataTypeParameters>,,</ownDataTypeParameters>
<previousColumn>false</previousColumn>
<autoIncrementCycle>false</autoIncrementCycle>
<associations>
<colAssociation fkAssociation="BF747121-6E9F-EBAE-3420-D5EF70CF58F4" referredColumn="92025E8F-78FE-6443-CCCF-E8C451DD7816"/>
</associations>
</Column>
<Column name="CLIENTE_sk_cliente" id="1F070F20-7E48-8A19-AB51-74A5BDAB291E">
<createdBy>rm74295</createdBy>
<createdTime>2016-05-20 13:38:15 UTC</createdTime>
<comment>SK cliente</comment>
<generatorID>E9497F34-844E-EAC9-00E1-4F937C25D90A</generatorID>
<ownerDesignName>Modelo Dimensional</ownerDesignName>
<useDomainConstraints>false</useDomainConstraints>
<use>1</use>
<logicalDatatype>LOGDT011</logicalDatatype>
<ownDataTypeParameters>,,</ownDataTypeParameters>
<previousColumn>false</previousColumn>
<autoIncrementCycle>false</autoIncrementCycle>
<associations>
<colAssociation fkAssociation="DDC4C90E-B734-DD5A-3DF2-F2C118748863" referredColumn="3FCBCBB7-9034-8ABC-C8E1-14989C8EABF5"/>
</associations>
</Column>
<Column name="DIM_CERVEJA_sk_cerveja" id="3CEA44D4-3929-A9A3-9686-62B5EDE0C734">
<createdBy>rm74295</createdBy>
<createdTime>2016-05-20 13:38:15 UTC</createdTime>
<generatorID>8D60963A-F496-CEDD-02AB-43D4F5058A93</generatorID>
<ownerDesignName>Modelo Dimensional</ownerDesignName>
<useDomainConstraints>false</useDomainConstraints>
<use>1</use>
<logicalDatatype>LOGDT011</logicalDatatype>
<ownDataTypeParameters>,,</ownDataTypeParameters>
<previousColumn>false</previousColumn>
<autoIncrementCycle>false</autoIncrementCycle>
<associations>
<colAssociation fkAssociation="2C7CB839-AE50-A136-4930-E37F860766DD" referredColumn="8DE129AD-1CFF-DEF6-534F-BE5E65ECA03E"/>
</associations>
</Column>
<Column name="FAIXA_ETARIA_sk_faixa_etaria" id="B9171C4F-4426-DB0D-C106-7CC4FC8D9E2D">
<createdBy>rm74295</createdBy>
<createdTime>2016-05-20 13:38:15 UTC</createdTime>
<generatorID>AB174ADC-57D7-AFE5-0DFC-A22722537800</generatorID>
<ownerDesignName>Modelo Dimensional</ownerDesignName>
<useDomainConstraints>false</useDomainConstraints>
<use>1</use>
<logicalDatatype>LOGDT011</logicalDatatype>
<ownDataTypeParameters>,,</ownDataTypeParameters>
<previousColumn>false</previousColumn>
<autoIncrementCycle>false</autoIncrementCycle>
<associations>
<colAssociation fkAssociation="2001E6BC-D0C3-B30B-4C80-E728906BA59E" referredColumn="690ACDDF-E429-9839-ED68-48A7261E1785"/>
</associations>
</Column>
<Column name="dd_venda" id="24035CC1-3379-83AB-F6DC-6459C96C3D12">
<createdBy>rm74295</createdBy>
<createdTime>2016-05-20 13:38:15 UTC</createdTime>
<generatorID>C86519A4-3134-1850-BE40-8720E927D069</generatorID>
<ownerDesignName>Modelo Dimensional</ownerDesignName>
<useDomainConstraints>false</useDomainConstraints>
<use>1</use>
<logicalDatatype>LOGDT011</logicalDatatype>
<ownDataTypeParameters>,,</ownDataTypeParameters>
<autoIncrementCycle>false</autoIncrementCycle>
</Column>
<Column name="qt_venda" id="DBEC1D91-ACC3-19E1-EED8-0F66CD0EDD54">
<createdBy>rm74295</createdBy>
<createdTime>2016-05-20 13:38:15 UTC</createdTime>
<generatorID>14B9600B-58E2-9997-1A9C-C1DAEA9D7A12</generatorID>
<ownerDesignName>Modelo Dimensional</ownerDesignName>
<useDomainConstraints>false</useDomainConstraints>
<use>1</use>
<logicalDatatype>LOGDT018</logicalDatatype>
<ownDataTypeParameters>,,</ownDataTypeParameters>
<autoIncrementCycle>false</autoIncrementCycle>
</Column>
<Column name="vl_preco_unitario" id="D9F61313-3055-E4FC-8471-58515CA163DE">
<createdBy>rm74295</createdBy>
<createdTime>2016-05-20 13:38:15 UTC</createdTime>
<generatorID>0CED2C3A-5460-B4C4-837E-A11D85FD384B</generatorID>
<ownerDesignName>Modelo Dimensional</ownerDesignName>
<useDomainConstraints>false</useDomainConstraints>
<use>1</use>
<logicalDatatype>LOGDT019</logicalDatatype>
<dataTypePrecision>4</dataTypePrecision>
<dataTypeScale>2</dataTypeScale>
<ownDataTypeParameters>,4,2</ownDataTypeParameters>
<autoIncrementCycle>false</autoIncrementCycle>
</Column>
<Column name="vl_desconto_unitario" id="A038036C-DB1F-A242-98DD-8300CE197879">
<createdBy>rm74295</createdBy>
<createdTime>2016-05-20 13:38:15 UTC</createdTime>
<generatorID>E898648D-9A45-7DA5-188E-45B84558BB9A</generatorID>
<ownerDesignName>Modelo Dimensional</ownerDesignName>
<useDomainConstraints>false</useDomainConstraints>
<use>1</use>
<logicalDatatype>LOGDT019</logicalDatatype>
<dataTypePrecision>4</dataTypePrecision>
<dataTypeScale>2</dataTypeScale>
<ownDataTypeParameters>,4,2</ownDataTypeParameters>
<autoIncrementCycle>false</autoIncrementCycle>
</Column>
<Column name="vl_total_preco" id="D1BCC9FC-115E-6C93-17AF-D07E05EE0F2E">
<createdBy>rm74295</createdBy>
<createdTime>2016-05-20 13:38:15 UTC</createdTime>
<generatorID>1D6C6B7C-9170-5D53-1E98-FD528818BE84</generatorID>
<ownerDesignName>Modelo Dimensional</ownerDesignName>
<useDomainConstraints>false</useDomainConstraints>
<use>1</use>
<logicalDatatype>LOGDT019</logicalDatatype>
<dataTypePrecision>4</dataTypePrecision>
<dataTypeScale>2</dataTypeScale>
<ownDataTypeParameters>,4,2</ownDataTypeParameters>
<autoIncrementCycle>false</autoIncrementCycle>
</Column>
<Column name="vl_total_desconto" id="E2E9B239-2ACD-9F04-A4ED-EB00377F2AA4">
<createdBy>rm74295</createdBy>
<createdTime>2016-05-20 13:38:15 UTC</createdTime>
<generatorID>B0CC6F90-24E6-99EE-A6AB-12FFAF88C848</generatorID>
<ownerDesignName>Modelo Dimensional</ownerDesignName>
<useDomainConstraints>false</useDomainConstraints>
<use>1</use>
<logicalDatatype>LOGDT019</logicalDatatype>
<dataTypePrecision>4</dataTypePrecision>
<dataTypeScale>2</dataTypeScale>
<ownDataTypeParameters>,4,2</ownDataTypeParameters>
<autoIncrementCycle>false</autoIncrementCycle>
</Column>
</columns>
<indexes itemClass="oracle.dbtools.crest.model.design.relational.Index">
<ind_PK_UK id="E43EDCB1-2DB6-A845-510E-545E0A6E1BC7" name="FAT_VENDA_PK">
<createdBy>rm74295</createdBy>
<createdTime>2016-05-20 13:38:15 UTC</createdTime>
<generatorID>5D383D2D-A510-9113-1F4E-6CB8646A1D00</generatorID>
<ownerDesignName>Modelo Dimensional</ownerDesignName>
<pk>true</pk>
<indexState>Primary Constraint</indexState>
<isSurrogateKey>false</isSurrogateKey>
<indexColumnUsage>
<colUsage columnID="24035CC1-3379-83AB-F6DC-6459C96C3D12"/>
<colUsage columnID="9AB4DFDC-4BE8-8453-5E0B-FCA18C97F51D"/>
<colUsage columnID="3B6607B2-DF37-9C63-DFB9-4D24331AE85C"/>
<colUsage columnID="9BFCB04A-C1A4-CEBE-8C4F-B76F6CA396D8"/>
<colUsage columnID="5FDF53E2-2E78-0414-5465-E9F61143139D"/>
<colUsage columnID="20D11571-5957-D2CD-03C0-0C19FB8BC4E8"/>
<colUsage columnID="7BB2D30A-647B-B3E4-8208-991810337C6E"/>
<colUsage columnID="D21E50B5-257B-411D-6487-318939CC216A"/>
<colUsage columnID="B9402DD6-2F25-7F0A-0F86-4122598BF70B"/>
<colUsage columnID="1F070F20-7E48-8A19-AB51-74A5BDAB291E"/>
<colUsage columnID="3CEA44D4-3929-A9A3-9686-62B5EDE0C734"/>
<colUsage columnID="B9171C4F-4426-DB0D-C106-7CC4FC8D9E2D"/>
</indexColumnUsage>
</ind_PK_UK>
<ind_PK_UK id="A55FBA4D-6A9A-BFFF-1202-98F27ECF6E7A" name="FAT_VENDA_CLIENTE_FK">
<createdBy>rm74295</createdBy>
<createdTime>2016-05-20 13:38:15 UTC</createdTime>
<generatorID>DCB5686C-A469-102F-B88B-B822149E5645</generatorID>
<ownerDesignName>Modelo Dimensional</ownerDesignName>
<indexState>Foreign Key</indexState>
<isSurrogateKey>false</isSurrogateKey>
<indexColumnUsage>
<colUsage columnID="1F070F20-7E48-8A19-AB51-74A5BDAB291E"/>
</indexColumnUsage>
</ind_PK_UK>
<ind_PK_UK id="0A6C8757-ABBE-9757-0461-969F8660BF99" name="FAT_VENDA_DIM_CLIMA_FK">
<createdBy>rm74295</createdBy>
<createdTime>2016-05-20 13:38:15 UTC</createdTime>
<generatorID>C15092FB-4818-AB4B-526B-87BE3E1A8D82</generatorID>
<ownerDesignName>Modelo Dimensional</ownerDesignName>
<indexState>Foreign Key</indexState>
<isSurrogateKey>false</isSurrogateKey>
<indexColumnUsage>
<colUsage columnID="D21E50B5-257B-411D-6487-318939CC216A"/>
</indexColumnUsage>
</ind_PK_UK>
<ind_PK_UK id="50742D36-95BE-81A7-D3A4-34869D5AC1F4" name="FAT_VENDA_DIM_CERVEJA_FK">
<createdBy>rm74295</createdBy>
<createdTime>2016-05-20 13:38:15 UTC</createdTime>
<generatorID>2F1CD4D3-491B-96BA-DCEF-2F6DBF9BDEDB</generatorID>
<ownerDesignName>Modelo Dimensional</ownerDesignName>
<indexState>Foreign Key</indexState>
<isSurrogateKey>false</isSurrogateKey>
<indexColumnUsage>
<colUsage columnID="3CEA44D4-3929-A9A3-9686-62B5EDE0C734"/>
</indexColumnUsage>
</ind_PK_UK>
<ind_PK_UK id="76425A96-BFF7-AB55-59BD-9D39A686457F" name="FAT_VENDA_DIM_DATA_FK">
<createdBy>rm74295</createdBy>
<createdTime>2016-05-20 13:38:15 UTC</createdTime>
<generatorID>6FBDC590-0E9F-4A0F-13DB-4DA1F1B354F5</generatorID>
<ownerDesignName>Modelo Dimensional</ownerDesignName>
<indexState>Foreign Key</indexState>
<isSurrogateKey>false</isSurrogateKey>
<indexColumnUsage>
<colUsage columnID="9AB4DFDC-4BE8-8453-5E0B-FCA18C97F51D"/>
</indexColumnUsage>
</ind_PK_UK>
<ind_PK_UK id="02F8894A-70AE-E047-F97F-0FAF96EC1F32" name="FAT_VENDA_FAIXA_ETARIA_FK">
<createdBy>rm74295</createdBy>
<createdTime>2016-05-20 13:38:15 UTC</createdTime>
<generatorID>7711A7E4-662E-CDD4-0AC5-1441C04A20E8</generatorID>
<ownerDesignName>Modelo Dimensional</ownerDesignName>
<indexState>Foreign Key</indexState>
<isSurrogateKey>false</isSurrogateKey>
<indexColumnUsage>
<colUsage columnID="B9171C4F-4426-DB0D-C106-7CC4FC8D9E2D"/>
</indexColumnUsage>
</ind_PK_UK>
<ind_PK_UK id="E87B82B2-0657-D34A-31AC-2CD5F5418196" name="FAT_VENDA_DIM_FUNCIONARIO_FK">
<createdBy>rm74295</createdBy>
<createdTime>2016-05-20 13:38:15 UTC</createdTime>
<generatorID>B795D815-0BBF-E22E-0C7D-403A567940B7</generatorID>
<ownerDesignName>Modelo Dimensional</ownerDesignName>
<indexState>Foreign Key</indexState>
<isSurrogateKey>false</isSurrogateKey>
<indexColumnUsage>
<colUsage columnID="3B6607B2-DF37-9C63-DFB9-4D24331AE85C"/>
</indexColumnUsage>
</ind_PK_UK>
<ind_PK_UK id="E0306DF6-3B70-FCD1-778F-65DBCDDD136F" name="FAT_VENDA_DIM_LOJA_FK">
<createdBy>rm74295</createdBy>
<createdTime>2016-05-20 13:38:15 UTC</createdTime>
<generatorID>BA500C7F-1FFF-EA09-E340-98DEECF16C2F</generatorID>
<ownerDesignName>Modelo Dimensional</ownerDesignName>
<indexState>Foreign Key</indexState>
<isSurrogateKey>false</isSurrogateKey>
<indexColumnUsage>
<colUsage columnID="20D11571-5957-D2CD-03C0-0C19FB8BC4E8"/>
</indexColumnUsage>
</ind_PK_UK>
<ind_PK_UK id="85CCC86F-064A-A2D6-8211-A129612D8C85" name="FAT_VENDA_DIM_PAGAMENTO_FK">
<createdBy>rm74295</createdBy>
<createdTime>2016-05-20 13:38:15 UTC</createdTime>
<generatorID>0C1FA1A8-22E5-A26C-6E42-05A831BE32CD</generatorID>
<ownerDesignName>Modelo Dimensional</ownerDesignName>
<indexState>Foreign Key</indexState>
<isSurrogateKey>false</isSurrogateKey>
<indexColumnUsage>
<colUsage columnID="7BB2D30A-647B-B3E4-8208-991810337C6E"/>
</indexColumnUsage>
</ind_PK_UK>
<ind_PK_UK id="18F1B7A2-51E2-EC57-BFA4-ADED9A57F5BF" name="FAT_VENDA_DIM_PRODUTO_FK">
<createdBy>rm74295</createdBy>
<createdTime>2016-05-20 13:38:15 UTC</createdTime>
<generatorID>56767343-ECF4-9BAB-5E16-FD0ADEA8D281</generatorID>
<ownerDesignName>Modelo Dimensional</ownerDesignName>
<indexState>Foreign Key</indexState>
<isSurrogateKey>false</isSurrogateKey>
<indexColumnUsage>
<colUsage columnID="9BFCB04A-C1A4-CEBE-8C4F-B76F6CA396D8"/>
</indexColumnUsage>
</ind_PK_UK>
<ind_PK_UK id="328F266F-BE96-DE29-C389-E12DC7D28A1C" name="FAT_VENDA_DIM_PROMO_FK">
<createdBy>rm74295</createdBy>
<createdTime>2016-05-20 13:38:15 UTC</createdTime>
<generatorID>82E6B330-7FC9-229F-5D3E-21E6B12B9910</generatorID>
<ownerDesignName>Modelo Dimensional</ownerDesignName>
<indexState>Foreign Key</indexState>
<isSurrogateKey>false</isSurrogateKey>
<indexColumnUsage>
<colUsage columnID="5FDF53E2-2E78-0414-5465-E9F61143139D"/>
</indexColumnUsage>
</ind_PK_UK>
<ind_PK_UK id="544557E0-8408-B710-2EE6-DE87FDB3B1E1" name="FAT_VENDA_DIM_TEMPO_FK">
<createdBy>rm74295</createdBy>
<createdTime>2016-05-20 13:38:15 UTC</createdTime>
<generatorID>2BB1A13F-2796-CF1D-EE6D-E46319740BC2</generatorID>
<ownerDesignName>Modelo Dimensional</ownerDesignName>
<indexState>Foreign Key</indexState>
<isSurrogateKey>false</isSurrogateKey>
<indexColumnUsage>
<colUsage columnID="B9402DD6-2F25-7F0A-0F86-4122598BF70B"/>
</indexColumnUsage>
</ind_PK_UK>
</indexes>
</Table>