<?xml version = '1.0' encoding = 'UTF-8'?>
<Table class="oracle.dbtools.crest.model.design.relational.Table" directorySegmentName="seg_0" id="5FFA0332-7BB2-3060-B111-E59D9AE9EDC3" name="DIM_DATA">
<createdBy>rm74295</createdBy>
<createdTime>2016-05-20 13:38:15 UTC</createdTime>
<generatorID>F82C5258-B25A-608A-2587-2B5FA8A617F9</generatorID>
<ownerDesignName>Modelo Dimensional</ownerDesignName>
<allowColumnReorder>false</allowColumnReorder>
<existDependencyGenerateInDDl>true</existDependencyGenerateInDDl>
<parsed>true</parsed>
<columns itemClass="oracle.dbtools.crest.model.design.relational.Column">
<Column name="sk_data" id="67E6952D-261C-279F-A9A7-6BF19CFAA53F">
<createdBy>rm74295</createdBy>
<createdTime>2016-05-20 13:38:15 UTC</createdTime>
<generatorID>412EF2E6-C171-B361-3749-9DBEF4887633</generatorID>
<ownerDesignName>Modelo Dimensional</ownerDesignName>
<useDomainConstraints>false</useDomainConstraints>
<use>1</use>
<logicalDatatype>LOGDT011</logicalDatatype>
<ownDataTypeParameters>,,</ownDataTypeParameters>
<autoIncrementCycle>false</autoIncrementCycle>
</Column>
<Column name="data" id="19E819F7-EA27-936A-15D2-5938084156F0">
<createdBy>rm74295</createdBy>
<createdTime>2016-05-20 13:38:15 UTC</createdTime>
<generatorID>D6A5E5CE-B76A-BF3B-EF6C-7ECB07A4A39A</generatorID>
<ownerDesignName>Modelo Dimensional</ownerDesignName>
<useDomainConstraints>false</useDomainConstraints>
<use>1</use>
<logicalDatatype>LOGDT007</logicalDatatype>
<ownDataTypeParameters>,,</ownDataTypeParameters>
<autoIncrementCycle>false</autoIncrementCycle>
</Column>
<Column name="data_extenso" id="43789A43-568B-0014-434C-207890F048FF">
<createdBy>rm74295</createdBy>
<createdTime>2016-05-20 13:38:15 UTC</createdTime>
<generatorID>E3F2B60F-7525-0101-D0C3-59C2A2310E14</generatorID>
<ownerDesignName>Modelo Dimensional</ownerDesignName>
<useDomainConstraints>false</useDomainConstraints>
<use>1</use>
<logicalDatatype>LOGDT024</logicalDatatype>
<dataTypeSize>50</dataTypeSize>
<ownDataTypeParameters>50,,</ownDataTypeParameters>
<autoIncrementCycle>false</autoIncrementCycle>
</Column>
<Column name="ano" id="1B6C5F2D-ACAF-1954-D209-6D99AF5F2E1F">
<createdBy>rm74295</createdBy>
<createdTime>2016-05-20 13:38:15 UTC</createdTime>
<generatorID>86F1A5B2-D927-46D8-7B7B-9C5E41ADAD47</generatorID>
<ownerDesignName>Modelo Dimensional</ownerDesignName>
<useDomainConstraints>false</useDomainConstraints>
<use>1</use>
<logicalDatatype>LOGDT018</logicalDatatype>
<ownDataTypeParameters>,,</ownDataTypeParameters>
<autoIncrementCycle>false</autoIncrementCycle>
</Column>
<Column name="mes" id="CA7928B2-4B62-FB08-CDD8-9D0DCBA4C80D">
<createdBy>rm74295</createdBy>
<createdTime>2016-05-20 13:38:15 UTC</createdTime>
<generatorID>EF4C886C-9CC1-88A7-DCD9-C9F80B3AD50D</generatorID>
<ownerDesignName>Modelo Dimensional</ownerDesignName>
<useDomainConstraints>false</useDomainConstraints>
<use>1</use>
<logicalDatatype>LOGDT018</logicalDatatype>
<ownDataTypeParameters>,,</ownDataTypeParameters>
<autoIncrementCycle>false</autoIncrementCycle>
</Column>
<Column name="mes_extenso" id="B90BACF4-24D8-5134-B9BE-174211FB1F25">
<createdBy>rm74295</createdBy>
<createdTime>2016-05-20 13:38:15 UTC</createdTime>
<generatorID>CF98AD70-C5B4-1E52-4286-D678B81A0F8B</generatorID>
<ownerDesignName>Modelo Dimensional</ownerDesignName>
<useDomainConstraints>false</useDomainConstraints>
<use>1</use>
<logicalDatatype>LOGDT024</logicalDatatype>
<dataTypeSize>15</dataTypeSize>
<ownDataTypeParameters>15,,</ownDataTypeParameters>
<autoIncrementCycle>false</autoIncrementCycle>
</Column>
<Column name="mes_abreviado" id="7A490E1F-32E2-980E-4287-7771977790DF">
<createdBy>rm74295</createdBy>
<createdTime>2016-05-20 13:38:15 UTC</createdTime>
<generatorID>BFA6DE83-BA30-61BD-D8CE-B95AD64CF170</generatorID>
<ownerDesignName>Modelo Dimensional</ownerDesignName>
<useDomainConstraints>false</useDomainConstraints>
<use>1</use>
<logicalDatatype>LOGDT024</logicalDatatype>
<dataTypeSize>3</dataTypeSize>
<ownDataTypeParameters>3,,</ownDataTypeParameters>
<autoIncrementCycle>false</autoIncrementCycle>
</Column>
<Column name="semana_mes" id="BDBA5D98-35B9-8330-A9FE-D78A40B9E7D3">
<createdBy>rm74295</createdBy>
<createdTime>2016-05-20 13:38:15 UTC</createdTime>
<generatorID>13FD961E-25EF-C94C-1E70-285E4857CDC9</generatorID>
<ownerDesignName>Modelo Dimensional</ownerDesignName>
<useDomainConstraints>false</useDomainConstraints>
<use>1</use>
<logicalDatatype>LOGDT018</logicalDatatype>
<ownDataTypeParameters>,,</ownDataTypeParameters>
<autoIncrementCycle>false</autoIncrementCycle>
</Column>
<Column name="semana_ano" id="72ABC873-EB98-3BA7-97F3-93C456BE0F2E">
<createdBy>rm74295</createdBy>
<createdTime>2016-05-20 13:38:15 UTC</createdTime>
<generatorID>1F65D9ED-733D-BBDB-2CE9-394465DC2C3F</generatorID>
<ownerDesignName>Modelo Dimensional</ownerDesignName>
<useDomainConstraints>false</useDomainConstraints>
<use>1</use>
<logicalDatatype>LOGDT018</logicalDatatype>
<ownDataTypeParameters>,,</ownDataTypeParameters>
<autoIncrementCycle>false</autoIncrementCycle>
</Column>
<Column name="dia_mes" id="D35E6C81-7BCF-1D09-9367-81B6564D2C88">
<createdBy>rm74295</createdBy>
<createdTime>2016-05-20 13:38:15 UTC</createdTime>
<generatorID>9BB98ED3-01CC-5E08-8304-6D36D624D71B</generatorID>
<ownerDesignName>Modelo Dimensional</ownerDesignName>
<useDomainConstraints>false</useDomainConstraints>
<use>1</use>
<logicalDatatype>LOGDT018</logicalDatatype>
<ownDataTypeParameters>,,</ownDataTypeParameters>
<autoIncrementCycle>false</autoIncrementCycle>
</Column>
<Column name="dia_semana" id="42CCD975-4EAD-0B0F-87F8-CF6EBDA596F7">
<createdBy>rm74295</createdBy>
<createdTime>2016-05-20 13:38:15 UTC</createdTime>
<generatorID>E47EB50C-C230-252E-7C34-58F7D43D9DEF</generatorID>
<ownerDesignName>Modelo Dimensional</ownerDesignName>
<useDomainConstraints>false</useDomainConstraints>
<use>1</use>
<logicalDatatype>LOGDT018</logicalDatatype>
<ownDataTypeParameters>,,</ownDataTypeParameters>
<autoIncrementCycle>false</autoIncrementCycle>
</Column>
<Column name="dia_semana_extenso" id="67B27674-A820-FBE9-F3E7-6B6C455C1076">
<createdBy>rm74295</createdBy>
<createdTime>2016-05-20 13:38:15 UTC</createdTime>
<generatorID>12FC3FED-76EF-B08E-249A-94D825C8B6EE</generatorID>
<ownerDesignName>Modelo Dimensional</ownerDesignName>
<useDomainConstraints>false</useDomainConstraints>
<use>1</use>
<logicalDatatype>LOGDT024</logicalDatatype>
<dataTypeSize>15</dataTypeSize>
<ownDataTypeParameters>15,,</ownDataTypeParameters>
<autoIncrementCycle>false</autoIncrementCycle>
</Column>
<Column name="dia_semana_abreviado" id="8010EC7E-066C-EAAF-C1F8-0CA3411526AE">
<createdBy>rm74295</createdBy>
<createdTime>2016-05-20 13:38:15 UTC</createdTime>
<generatorID>BDFBDD33-85C9-D040-38BB-B9BD52F3D414</generatorID>
<ownerDesignName>Modelo Dimensional</ownerDesignName>
<useDomainConstraints>false</useDomainConstraints>
<use>1</use>
<logicalDatatype>LOGDT024</logicalDatatype>
<dataTypeSize>3</dataTypeSize>
<ownDataTypeParameters>3,,</ownDataTypeParameters>
<autoIncrementCycle>false</autoIncrementCycle>
</Column>
<Column name="dia_dds_fds" id="4DBF7FF1-7D74-DAAD-6430-344E889268E8">
<createdBy>rm74295</createdBy>
<createdTime>2016-05-20 13:38:15 UTC</createdTime>
<generatorID>5C6A3C3F-1065-B916-1EC8-BD0F91D2932E</generatorID>
<ownerDesignName>Modelo Dimensional</ownerDesignName>
<useDomainConstraints>false</useDomainConstraints>
<use>1</use>
<logicalDatatype>LOGDT018</logicalDatatype>
<ownDataTypeParameters>,,</ownDataTypeParameters>
<autoIncrementCycle>false</autoIncrementCycle>
</Column>
<Column name="dia_ano" id="7B55D161-D7E0-17C2-A2D1-A19AEB41192C">
<createdBy>rm74295</createdBy>
<createdTime>2016-05-20 13:38:15 UTC</createdTime>
<generatorID>015C6645-D28E-9EE0-6AE3-5A7B17821203</generatorID>
<ownerDesignName>Modelo Dimensional</ownerDesignName>
<useDomainConstraints>false</useDomainConstraints>
<use>1</use>
<logicalDatatype>LOGDT018</logicalDatatype>
<ownDataTypeParameters>,,</ownDataTypeParameters>
<autoIncrementCycle>false</autoIncrementCycle>
</Column>
<Column name="ano_bissexto" id="F33561A7-DDD0-1038-2423-5C296FEAF85E">
<createdBy>rm74295</createdBy>
<createdTime>2016-05-20 13:38:15 UTC</createdTime>
<generatorID>143F8215-0371-1AC0-01D0-C167F57CC801</generatorID>
<ownerDesignName>Modelo Dimensional</ownerDesignName>
<useDomainConstraints>false</useDomainConstraints>
<use>1</use>
<logicalDatatype>LOGDT025</logicalDatatype>
<dataTypeSize>1</dataTypeSize>
<ownDataTypeParameters>1,,</ownDataTypeParameters>
<autoIncrementCycle>false</autoIncrementCycle>
</Column>
<Column name="feriado" id="0BC368FF-22D7-2413-4186-36D9C327FE8F">
<createdBy>rm74295</createdBy>
<createdTime>2016-05-20 13:38:15 UTC</createdTime>
<generatorID>C2719729-942E-EC41-F445-5D3E696CCA0B</generatorID>
<ownerDesignName>Modelo Dimensional</ownerDesignName>
<useDomainConstraints>false</useDomainConstraints>
<use>1</use>
<logicalDatatype>LOGDT025</logicalDatatype>
<dataTypeSize>1</dataTypeSize>
<ownDataTypeParameters>1,,</ownDataTypeParameters>
<autoIncrementCycle>false</autoIncrementCycle>
</Column>
<Column name="feriado_extenso" id="38A890B7-AD6F-1611-61AB-9281BB98E4C3">
<createdBy>rm74295</createdBy>
<createdTime>2016-05-20 13:38:15 UTC</createdTime>
<generatorID>22AFD5A1-BB36-7ACF-6390-7A519D35C7A7</generatorID>
<ownerDesignName>Modelo Dimensional</ownerDesignName>
<useDomainConstraints>false</useDomainConstraints>
<use>1</use>
<logicalDatatype>LOGDT024</logicalDatatype>
<dataTypeSize>20</dataTypeSize>
<ownDataTypeParameters>20,,</ownDataTypeParameters>
<autoIncrementCycle>false</autoIncrementCycle>
</Column>
<Column name="pre_feriado" id="10DDCB91-9B26-D6B0-455E-F7CC472C7A49">
<createdBy>rm74295</createdBy>
<createdTime>2016-05-20 13:38:15 UTC</createdTime>
<generatorID>4B3A297F-9904-B313-AC00-C32784FD32A1</generatorID>
<ownerDesignName>Modelo Dimensional</ownerDesignName>
<useDomainConstraints>false</useDomainConstraints>
<use>1</use>
<logicalDatatype>LOGDT025</logicalDatatype>
<dataTypeSize>1</dataTypeSize>
<ownDataTypeParameters>1,,</ownDataTypeParameters>
<autoIncrementCycle>false</autoIncrementCycle>
</Column>
<Column name="pos_feriado" id="56230ED2-32FF-224F-DDE9-822900844E0F">
<createdBy>rm74295</createdBy>
<createdTime>2016-05-20 13:38:15 UTC</createdTime>
<generatorID>0B7A2374-7BB7-1F14-CBBD-3F2741DACBDA</generatorID>
<ownerDesignName>Modelo Dimensional</ownerDesignName>
<useDomainConstraints>false</useDomainConstraints>
<use>1</use>
<logicalDatatype>LOGDT025</logicalDatatype>
<dataTypeSize>1</dataTypeSize>
<ownDataTypeParameters>1,,</ownDataTypeParameters>
<autoIncrementCycle>false</autoIncrementCycle>
</Column>
<Column name="quinzena_mes" id="3C57CAD1-6F21-B61D-493E-E5B9C7863B79">
<createdBy>rm74295</createdBy>
<createdTime>2016-05-20 13:38:15 UTC</createdTime>
<generatorID>76F17FFB-C27A-D0A3-3510-34687243B8F2</generatorID>
<ownerDesignName>Modelo Dimensional</ownerDesignName>
<useDomainConstraints>false</useDomainConstraints>
<use>1</use>
<logicalDatatype>LOGDT018</logicalDatatype>
<ownDataTypeParameters>,,</ownDataTypeParameters>
<autoIncrementCycle>false</autoIncrementCycle>
</Column>
<Column name="quinzena_ano" id="A3324954-9288-451A-8A47-885C9F8785E0">
<createdBy>rm74295</createdBy>
<createdTime>2016-05-20 13:38:15 UTC</createdTime>
<generatorID>BB34D075-C52D-611E-757A-93DAA65E447B</generatorID>
<ownerDesignName>Modelo Dimensional</ownerDesignName>
<useDomainConstraints>false</useDomainConstraints>
<use>1</use>
<logicalDatatype>LOGDT018</logicalDatatype>
<ownDataTypeParameters>,,</ownDataTypeParameters>
<autoIncrementCycle>false</autoIncrementCycle>
</Column>
<Column name="bimestre" id="E5F0E7AD-F5EA-1B53-BF89-64DDF8941D10">
<createdBy>rm74295</createdBy>
<createdTime>2016-05-20 13:38:15 UTC</createdTime>
<generatorID>B8AAB504-4427-8365-2200-602952EBC882</generatorID>
<ownerDesignName>Modelo Dimensional</ownerDesignName>
<useDomainConstraints>false</useDomainConstraints>
<use>1</use>
<logicalDatatype>LOGDT018</logicalDatatype>
<ownDataTypeParameters>,,</ownDataTypeParameters>
<autoIncrementCycle>false</autoIncrementCycle>
</Column>
<Column name="trimestre" id="B3A138EC-5703-860A-0CB7-FC1D5143E3AA">
<createdBy>rm74295</createdBy>
<createdTime>2016-05-20 13:38:15 UTC</createdTime>
<generatorID>348FB774-9FC7-BAED-EBA9-F45B185F070B</generatorID>
<ownerDesignName>Modelo Dimensional</ownerDesignName>
<useDomainConstraints>false</useDomainConstraints>
<use>1</use>
<logicalDatatype>LOGDT018</logicalDatatype>
<ownDataTypeParameters>,,</ownDataTypeParameters>
<autoIncrementCycle>false</autoIncrementCycle>
</Column>
<Column name="semestre" id="60BEAC86-B730-37F7-81B6-EA47E2848873">
<createdBy>rm74295</createdBy>
<createdTime>2016-05-20 13:38:15 UTC</createdTime>
<generatorID>004E0C18-5283-ADA6-AB28-ECEE5C8EFC3E</generatorID>
<ownerDesignName>Modelo Dimensional</ownerDesignName>
<useDomainConstraints>false</useDomainConstraints>
<use>1</use>
<logicalDatatype>LOGDT018</logicalDatatype>
<ownDataTypeParameters>,,</ownDataTypeParameters>
<autoIncrementCycle>false</autoIncrementCycle>
</Column>
<Column name="bimestre_ano" id="F58A1B46-27D2-1370-E5F6-E4DB3C612218">
<createdBy>rm74295</createdBy>
<createdTime>2016-05-20 13:38:15 UTC</createdTime>
<generatorID>BEA4B98D-ED1D-11AE-2AA8-4B63E1967AE8</generatorID>
<ownerDesignName>Modelo Dimensional</ownerDesignName>
<useDomainConstraints>false</useDomainConstraints>
<use>1</use>
<logicalDatatype>LOGDT018</logicalDatatype>
<ownDataTypeParameters>,,</ownDataTypeParameters>
<autoIncrementCycle>false</autoIncrementCycle>
</Column>
<Column name="trimestre_ano" id="0EEE568C-D8FE-60AA-4E07-E9B299B9E985">
<createdBy>rm74295</createdBy>
<createdTime>2016-05-20 13:38:15 UTC</createdTime>
<generatorID>71896747-6ED8-D3E0-7361-39328F13E280</generatorID>
<ownerDesignName>Modelo Dimensional</ownerDesignName>
<useDomainConstraints>false</useDomainConstraints>
<use>1</use>
<logicalDatatype>LOGDT018</logicalDatatype>
<ownDataTypeParameters>,,</ownDataTypeParameters>
<autoIncrementCycle>false</autoIncrementCycle>
</Column>
<Column name="semestre_ano" id="B459D968-2152-80A0-DD15-2539F9266B27">
<createdBy>rm74295</createdBy>
<createdTime>2016-05-20 13:38:15 UTC</createdTime>
<generatorID>68872CEF-367F-CC07-9825-23C1F5EE03BC</generatorID>
<ownerDesignName>Modelo Dimensional</ownerDesignName>
<useDomainConstraints>false</useDomainConstraints>
<use>1</use>
<logicalDatatype>LOGDT018</logicalDatatype>
<ownDataTypeParameters>,,</ownDataTypeParameters>
<autoIncrementCycle>false</autoIncrementCycle>
</Column>
<Column name="estacao_ano" id="F94CA2FE-78BB-6056-4AE3-AC5E0C21D248">
<createdBy>rm74295</createdBy>
<createdTime>2016-05-20 13:38:15 UTC</createdTime>
<generatorID>F6B121CD-621D-5F41-1051-E6492C761756</generatorID>
<ownerDesignName>Modelo Dimensional</ownerDesignName>
<useDomainConstraints>false</useDomainConstraints>
<use>1</use>
<logicalDatatype>LOGDT024</logicalDatatype>
<dataTypeSize>30</dataTypeSize>
<ownDataTypeParameters>30,,</ownDataTypeParameters>
<autoIncrementCycle>false</autoIncrementCycle>
</Column>
<Column name="ultimo_dia_mes" id="6402CFB2-6442-9305-23DF-EF18D196A090">
<createdBy>rm74295</createdBy>
<createdTime>2016-05-20 13:38:15 UTC</createdTime>
<generatorID>C03C8427-5DDB-0BF6-4950-EB3C962C0B1F</generatorID>
<ownerDesignName>Modelo Dimensional</ownerDesignName>
<useDomainConstraints>false</useDomainConstraints>
<use>1</use>
<logicalDatatype>LOGDT018</logicalDatatype>
<ownDataTypeParameters>,,</ownDataTypeParameters>
<autoIncrementCycle>false</autoIncrementCycle>
</Column>
<Column name="ultimo_dia_bimestre" id="2358DA8A-3309-75F8-045C-BCE68F875F4E">
<createdBy>rm74295</createdBy>
<createdTime>2016-05-20 13:38:15 UTC</createdTime>
<generatorID>5782696B-14AC-61DB-35AB-FF59352C2F48</generatorID>
<ownerDesignName>Modelo Dimensional</ownerDesignName>
<nullsAllowed>true</nullsAllowed>
<useDomainConstraints>false</useDomainConstraints>
<use>1</use>
<logicalDatatype>LOGDT018</logicalDatatype>
<ownDataTypeParameters>,,</ownDataTypeParameters>
<autoIncrementCycle>false</autoIncrementCycle>
</Column>
<Column name="ultimo_dia_semestre" id="87EF9F83-C896-7DD0-6DCB-E4BEC44279DA">
<createdBy>rm74295</createdBy>
<createdTime>2016-05-20 13:38:15 UTC</createdTime>
<generatorID>8D344C31-0E45-DA1D-4BFE-7A7DFD059B85</generatorID>
<ownerDesignName>Modelo Dimensional</ownerDesignName>
<nullsAllowed>true</nullsAllowed>
<useDomainConstraints>false</useDomainConstraints>
<use>1</use>
<logicalDatatype>LOGDT018</logicalDatatype>
<ownDataTypeParameters>,,</ownDataTypeParameters>
<autoIncrementCycle>false</autoIncrementCycle>
</Column>
<Column name="evento" id="75AB5265-7DB2-5F64-E075-F7F14933BCB1">
<createdBy>rm74295</createdBy>
<createdTime>2016-05-20 13:38:15 UTC</createdTime>
<generatorID>6E1DC199-A1B9-6107-CD54-E2F605083125</generatorID>
<ownerDesignName>Modelo Dimensional</ownerDesignName>
<useDomainConstraints>false</useDomainConstraints>
<use>1</use>
<logicalDatatype>LOGDT024</logicalDatatype>
<dataTypeSize>30</dataTypeSize>
<ownDataTypeParameters>30,,</ownDataTypeParameters>
<autoIncrementCycle>false</autoIncrementCycle>
</Column>
<Column name="pre_evento" id="B270C556-82A3-E98F-4AC0-05B858776AA6">
<createdBy>rm74295</createdBy>
<createdTime>2016-05-20 13:38:15 UTC</createdTime>
<generatorID>4173F89E-E3A9-680C-8ABF-222C8822FA9E</generatorID>
<ownerDesignName>Modelo Dimensional</ownerDesignName>
<useDomainConstraints>false</useDomainConstraints>
<use>1</use>
<logicalDatatype>LOGDT025</logicalDatatype>
<dataTypeSize>1</dataTypeSize>
<ownDataTypeParameters>1,,</ownDataTypeParameters>
<autoIncrementCycle>false</autoIncrementCycle>
</Column>
<Column name="pos_evento" id="5BB8261C-182F-6AE1-BC28-ECE6ED7FA8E9">
<createdBy>rm74295</createdBy>
<createdTime>2016-05-20 13:38:15 UTC</createdTime>
<generatorID>CFF4ACE6-A8A2-880D-DF29-383DB8D64793</generatorID>
<ownerDesignName>Modelo Dimensional</ownerDesignName>
<useDomainConstraints>false</useDomainConstraints>
<use>1</use>
<logicalDatatype>LOGDT025</logicalDatatype>
<dataTypeSize>1</dataTypeSize>
<ownDataTypeParameters>1,,</ownDataTypeParameters>
<autoIncrementCycle>false</autoIncrementCycle>
</Column>
</columns>
<indexes itemClass="oracle.dbtools.crest.model.design.relational.Index">
<ind_PK_UK id="67427A11-E26D-771B-6367-E037BBB65915" name="DIM_DATA_PK">
<createdBy>rm74295</createdBy>
<createdTime>2016-05-20 13:38:15 UTC</createdTime>
<generatorID>85804BC2-220E-5F02-34FD-58B13419F7A5</generatorID>
<ownerDesignName>Modelo Dimensional</ownerDesignName>
<pk>true</pk>
<indexState>Primary Constraint</indexState>
<isSurrogateKey>false</isSurrogateKey>
<indexColumnUsage>
<colUsage columnID="67E6952D-261C-279F-A9A7-6BF19CFAA53F"/>
</indexColumnUsage>
</ind_PK_UK>
</indexes>
</Table>