<?xml version = '1.0' encoding = 'UTF-8'?>
<Table class="oracle.dbtools.crest.model.design.relational.Table" directorySegmentName="seg_0" id="6B6C89BD-E411-8660-B724-8F4C2F55FCE5" name="CLIENTE">
<createdBy>rm74295</createdBy>
<createdTime>2016-05-20 13:38:14 UTC</createdTime>
<generatorID>BAA0DDB1-2B25-EFFB-16A7-ED2282966307</generatorID>
<ownerDesignName>Modelo Dimensional</ownerDesignName>
<allowColumnReorder>false</allowColumnReorder>
<existDependencyGenerateInDDl>true</existDependencyGenerateInDDl>
<parsed>true</parsed>
<columns itemClass="oracle.dbtools.crest.model.design.relational.Column">
<Column name="sk_cliente" id="3FCBCBB7-9034-8ABC-C8E1-14989C8EABF5">
<createdBy>rm74295</createdBy>
<createdTime>2016-05-20 13:38:15 UTC</createdTime>
<comment>SK cliente</comment>
<generatorID>5005A946-3BC8-6C5C-5C8A-5E10A2D69B00</generatorID>
<ownerDesignName>Modelo Dimensional</ownerDesignName>
<useDomainConstraints>false</useDomainConstraints>
<use>1</use>
<logicalDatatype>LOGDT011</logicalDatatype>
<ownDataTypeParameters>,,</ownDataTypeParameters>
<autoIncrementCycle>false</autoIncrementCycle>
</Column>
<Column name="nk_cliente" id="5C0344C5-BF2B-1F5B-DA71-3A8E4CE7A076">
<createdBy>rm74295</createdBy>
<createdTime>2016-05-20 13:38:15 UTC</createdTime>
<comment>chave natural do cliente</comment>
<generatorID>6BE5DFCB-E66C-5FEC-29D4-E9A69FB60D3C</generatorID>
<ownerDesignName>Modelo Dimensional</ownerDesignName>
<useDomainConstraints>false</useDomainConstraints>
<use>1</use>
<logicalDatatype>LOGDT011</logicalDatatype>
<ownDataTypeParameters>,,</ownDataTypeParameters>
<autoIncrementCycle>false</autoIncrementCycle>
</Column>
<Column name="nm_cliente" id="A0A17CA1-D833-194F-5B96-F129B4E58FF1">
<createdBy>rm74295</createdBy>
<createdTime>2016-05-20 13:38:15 UTC</createdTime>
<comment>nome do cliente</comment>
<generatorID>DBB7E73B-8D7F-87C7-9964-53EB1A89384B</generatorID>
<ownerDesignName>Modelo Dimensional</ownerDesignName>
<useDomainConstraints>false</useDomainConstraints>
<use>1</use>
<logicalDatatype>LOGDT024</logicalDatatype>
<dataTypeSize>100</dataTypeSize>
<ownDataTypeParameters>100,,</ownDataTypeParameters>
<autoIncrementCycle>false</autoIncrementCycle>
</Column>
<Column name="ds_estado_civil" id="1DD0B606-7DED-FFFD-39F8-B1D9E553ECD4">
<createdBy>rm74295</createdBy>
<createdTime>2016-05-20 13:38:15 UTC</createdTime>
<comment>estado civil do cliente</comment>
<generatorID>021CEB43-23A2-1A05-3792-71E2A5EC059E</generatorID>
<ownerDesignName>Modelo Dimensional</ownerDesignName>
<use>0</use>
<logicalDatatype>LOGDT024</logicalDatatype>
<domain>D1875A7F-6E11-3124-3275-AF33A7C1F1CB</domain>
<ownDataTypeParameters>,,</ownDataTypeParameters>
<autoIncrementCycle>false</autoIncrementCycle>
</Column>
<Column name="dt_nasc_cliente" id="B41B3681-F573-BD82-0B2D-1962263FA07C">
<createdBy>rm74295</createdBy>
<createdTime>2016-05-20 13:38:15 UTC</createdTime>
<comment>data de nascimento do cliente</comment>
<generatorID>4A78A661-6F26-895C-2EE8-72E5AADD5893</generatorID>
<ownerDesignName>Modelo Dimensional</ownerDesignName>
<useDomainConstraints>false</useDomainConstraints>
<use>1</use>
<logicalDatatype>LOGDT007</logicalDatatype>
<ownDataTypeParameters>,,</ownDataTypeParameters>
<autoIncrementCycle>false</autoIncrementCycle>
</Column>
<Column name="tp_transp_cliente" id="FFD4FF0A-CBA9-5382-B896-F1DAAB5445F0">
<createdBy>rm74295</createdBy>
<createdTime>2016-05-20 13:38:15 UTC</createdTime>
<comment>tipo de transporte do cliente</comment>
<generatorID>B215E9FB-96B3-46C7-F983-4F2D27F5DC84</generatorID>
<ownerDesignName>Modelo Dimensional</ownerDesignName>
<nullsAllowed>true</nullsAllowed>
<use>0</use>
<logicalDatatype>LOGDT024</logicalDatatype>
<domain>4E34BCC7-672B-2B76-2E3A-73A2DCF10E43</domain>
<ownDataTypeParameters>,,</ownDataTypeParameters>
<autoIncrementCycle>false</autoIncrementCycle>
</Column>
<Column name="ds_prof_cliente" id="250F04B3-B903-8B87-20CA-2584D7C45D94">
<createdBy>rm74295</createdBy>
<createdTime>2016-05-20 13:38:15 UTC</createdTime>
<comment>profissão do cliente</comment>
<generatorID>2642D76E-8489-C4D7-026E-2071E551411E</generatorID>
<ownerDesignName>Modelo Dimensional</ownerDesignName>
<nullsAllowed>true</nullsAllowed>
<useDomainConstraints>false</useDomainConstraints>
<use>1</use>
<logicalDatatype>LOGDT024</logicalDatatype>
<dataTypeSize>30</dataTypeSize>
<ownDataTypeParameters>30,,</ownDataTypeParameters>
<autoIncrementCycle>false</autoIncrementCycle>
</Column>
<Column name="ds_sexo_cliente" id="A90984AD-E376-64B7-A288-AEA9C1B568A4">
<createdBy>rm74295</createdBy>
<createdTime>2016-05-20 13:38:15 UTC</createdTime>
<comment>sexo do cliente</comment>
<generatorID>78B5CCD7-E695-9C75-02AC-7187635A15F4</generatorID>
<ownerDesignName>Modelo Dimensional</ownerDesignName>
<use>0</use>
<logicalDatatype>LOGDT025</logicalDatatype>
<domain>393B8EE7-74E1-7D41-6480-C0222E3DA549</domain>
<ownDataTypeParameters>,,</ownDataTypeParameters>
<autoIncrementCycle>false</autoIncrementCycle>
</Column>
</columns>
<indexes itemClass="oracle.dbtools.crest.model.design.relational.Index">
<ind_PK_UK id="D28D88A6-6DF6-7832-220D-BEBEC3F428B3" name="CLIENTE_PK">
<createdBy>rm74295</createdBy>
<createdTime>2016-05-20 13:38:15 UTC</createdTime>
<generatorID>410D99F3-83C9-4E2A-7FE2-DE5463536B18</generatorID>
<ownerDesignName>Modelo Dimensional</ownerDesignName>
<pk>true</pk>
<indexState>Primary Constraint</indexState>
<isSurrogateKey>false</isSurrogateKey>
<indexColumnUsage>
<colUsage columnID="3FCBCBB7-9034-8ABC-C8E1-14989C8EABF5"/>
</indexColumnUsage>
</ind_PK_UK>
</indexes>
</Table>