<?xml version = '1.0' encoding = 'UTF-8'?>
<Table class="oracle.dbtools.crest.model.design.relational.Table" directorySegmentName="seg_0" id="E7DBC337-9FFA-90B0-590F-4C6D9219590D" name="DIM_LOJA">
<createdBy>rm74295</createdBy>
<createdTime>2016-05-20 13:38:15 UTC</createdTime>
<generatorID>8F30A779-B397-4828-565B-D4C3C3E877B9</generatorID>
<ownerDesignName>Modelo Dimensional</ownerDesignName>
<allowColumnReorder>false</allowColumnReorder>
<existDependencyGenerateInDDl>true</existDependencyGenerateInDDl>
<parsed>true</parsed>
<columns itemClass="oracle.dbtools.crest.model.design.relational.Column">
<Column name="sk_unidade" id="74532942-30E9-AFE5-4A5D-E1D885861755">
<createdBy>rm74295</createdBy>
<createdTime>2016-05-20 13:38:15 UTC</createdTime>
<comment>Codigo da unidade.</comment>
<generatorID>D7ED7564-E8C4-B6D8-BC6A-16F62C3D1B10</generatorID>
<ownerDesignName>Modelo Dimensional</ownerDesignName>
<useDomainConstraints>false</useDomainConstraints>
<use>1</use>
<logicalDatatype>LOGDT011</logicalDatatype>
<ownDataTypeParameters>,,</ownDataTypeParameters>
<autoIncrementCycle>false</autoIncrementCycle>
</Column>
<Column name="nm_unidade" id="C9DA4C07-E7A4-6D24-452F-A2A58B28C5CB">
<createdBy>rm74295</createdBy>
<createdTime>2016-05-20 13:38:15 UTC</createdTime>
<comment>Nome da unidade.</comment>
<generatorID>371F8E90-59B1-A29F-944C-3D6DFDFBC743</generatorID>
<ownerDesignName>Modelo Dimensional</ownerDesignName>
<useDomainConstraints>false</useDomainConstraints>
<use>1</use>
<logicalDatatype>LOGDT011</logicalDatatype>
<ownDataTypeParameters>,,</ownDataTypeParameters>
<autoIncrementCycle>false</autoIncrementCycle>
</Column>
<Column name="tp_unidade" id="2CBFF5E5-C7CE-EAA5-F7C7-D5B655DD03EA">
<createdBy>rm74295</createdBy>
<createdTime>2016-05-20 13:38:15 UTC</createdTime>
<comment>Tipo da unidade</comment>
<generatorID>1893B241-4DD3-C795-C066-DF283384BE7E</generatorID>
<ownerDesignName>Modelo Dimensional</ownerDesignName>
<useDomainConstraints>false</useDomainConstraints>
<use>1</use>
<logicalDatatype>LOGDT024</logicalDatatype>
<dataTypeSize>10 CHAR</dataTypeSize>
<ownDataTypeParameters>10 CHAR,,</ownDataTypeParameters>
<autoIncrementCycle>false</autoIncrementCycle>
</Column>
<Column name="nk_end" id="6D536527-DBC9-1864-099A-D5E38894E6F1">
<createdBy>rm74295</createdBy>
<createdTime>2016-05-20 13:38:15 UTC</createdTime>
<comment>Codigo do endereco.</comment>
<generatorID>CE9DE7FC-D7DC-E3C3-AACC-E908B2D1FDBA</generatorID>
<ownerDesignName>Modelo Dimensional</ownerDesignName>
<useDomainConstraints>false</useDomainConstraints>
<use>1</use>
<logicalDatatype>LOGDT011</logicalDatatype>
<ownDataTypeParameters>,,</ownDataTypeParameters>
<autoIncrementCycle>false</autoIncrementCycle>
</Column>
</columns>
<indexes itemClass="oracle.dbtools.crest.model.design.relational.Index">
<ind_PK_UK id="31CF48DA-7377-A3F8-83CE-823143755ACE" name="DIM_LOJA_PK">
<createdBy>rm74295</createdBy>
<createdTime>2016-05-20 13:38:15 UTC</createdTime>
<generatorID>1CBB33C0-21CF-64A5-0EAC-134DA1C994DB</generatorID>
<ownerDesignName>Modelo Dimensional</ownerDesignName>
<pk>true</pk>
<indexState>Primary Constraint</indexState>
<isSurrogateKey>false</isSurrogateKey>
<indexColumnUsage>
<colUsage columnID="74532942-30E9-AFE5-4A5D-E1D885861755"/>
</indexColumnUsage>
</ind_PK_UK>
</indexes>
</Table>