<?xml version = '1.0' encoding = 'UTF-8'?>
<Entity class="oracle.dbtools.crest.model.design.logical.Entity" directorySegmentName="seg_0" id="1EC81C6A-244C-758C-F69F-97AEFAC5D856" name="DIM_PROMO">
<createdBy>rm74295</createdBy>
<createdTime>2016-05-03 13:33:45 UTC</createdTime>
<ownerDesignName>Modelo Dimensional</ownerDesignName>
<engineerTo>
<item key="99A134BC-1461-6F50-4DA7-1CC5F7D96C0E" value="true"/>
</engineerTo>
<adequatelyNormalized>NO</adequatelyNormalized>
<expectedVolumes>0</expectedVolumes>
<fwdEngineeringStrategyName>Single Table</fwdEngineeringStrategyName>
<growthPercent>0</growthPercent>
<growthType>Year</growthType>
<maxVolumes>9999999</maxVolumes>
<minVolumes>0</minVolumes>
<normalForm>Third</normalForm>
<attributes itemClass="oracle.dbtools.crest.model.design.logical.Attribute">
<Attribute name="sk_promo" id="E34A2A04-4267-5678-169D-32AC3866D140">
<createdBy>Mac</createdBy>
<createdTime>2016-05-05 20:23:36 UTC</createdTime>
<comment>Codigo promocao.</comment>
<ownerDesignName>Modelo Dimensional</ownerDesignName>
<engineerTo>
<item key="99A134BC-1461-6F50-4DA7-1CC5F7D96C0E" value="true"/>
</engineerTo>
<useDomainConstraints>false</useDomainConstraints>
<use>1</use>
<logicalDatatype>LOGDT011</logicalDatatype>
<ownDataTypeParameters>,,</ownDataTypeParameters>
</Attribute>
<Attribute name="nk_promo" id="A09C1256-46D2-38C9-F4F7-AC9C22CB18CE">
<createdBy>Mac</createdBy>
<createdTime>2016-05-05 20:23:53 UTC</createdTime>
<ownerDesignName>Modelo Dimensional</ownerDesignName>
<engineerTo>
<item key="99A134BC-1461-6F50-4DA7-1CC5F7D96C0E" value="true"/>
</engineerTo>
<useDomainConstraints>false</useDomainConstraints>
<use>1</use>
<logicalDatatype>LOGDT011</logicalDatatype>
<ownDataTypeParameters>,,</ownDataTypeParameters>
</Attribute>
<Attribute name="nm_promo" id="C31BA7F8-5FEF-DAAB-9AB8-30F4BB57F841">
<createdBy>Mac</createdBy>
<createdTime>2016-05-05 20:24:19 UTC</createdTime>
<comment>Nome da promocao.</comment>
<ownerDesignName>Modelo Dimensional</ownerDesignName>
<engineerTo>
<item key="99A134BC-1461-6F50-4DA7-1CC5F7D96C0E" value="true"/>
</engineerTo>
<useDomainConstraints>false</useDomainConstraints>
<use>1</use>
<logicalDatatype>LOGDT024</logicalDatatype>
<dataTypeSize>30 CHAR</dataTypeSize>
<ownDataTypeParameters>30 CHAR,,</ownDataTypeParameters>
</Attribute>
<Attribute name="qt_cupom_promo" id="EDB6083C-32DB-4EA3-B7E8-1B6A70B18C0C">
<createdBy>Mac</createdBy>
<createdTime>2016-05-05 20:25:36 UTC</createdTime>
<comment>Quantidade cupom promocao.</comment>
<ownerDesignName>Modelo Dimensional</ownerDesignName>
<engineerTo>
<item key="99A134BC-1461-6F50-4DA7-1CC5F7D96C0E" value="true"/>
</engineerTo>
<useDomainConstraints>false</useDomainConstraints>
<use>1</use>
<logicalDatatype>LOGDT011</logicalDatatype>
<ownDataTypeParameters>,,</ownDataTypeParameters>
</Attribute>
<Attribute name="ds_promo" id="4729789D-07E7-2CC3-D8E2-4CA875C19F5C">
<createdBy>Mac</createdBy>
<createdTime>2016-05-05 20:27:05 UTC</createdTime>
<comment>Descricao da promocao.</comment>
<ownerDesignName>Modelo Dimensional</ownerDesignName>
<engineerTo>
<item key="99A134BC-1461-6F50-4DA7-1CC5F7D96C0E" value="true"/>
</engineerTo>
<useDomainConstraints>false</useDomainConstraints>
<use>1</use>
<logicalDatatype>LOGDT040</logicalDatatype>
<ownDataTypeParameters>,,</ownDataTypeParameters>
</Attribute>
<Attribute name="dt_inicio_promo" id="605A8C4A-BA82-DED1-D46F-6662A443E697">
<createdBy>Mac</createdBy>
<createdTime>2016-05-05 20:27:58 UTC</createdTime>
<comment>Data de inicio da promocao.</comment>
<ownerDesignName>Modelo Dimensional</ownerDesignName>
<engineerTo>
<item key="99A134BC-1461-6F50-4DA7-1CC5F7D96C0E" value="true"/>
</engineerTo>
<useDomainConstraints>false</useDomainConstraints>
<use>1</use>
<logicalDatatype>LOGDT007</logicalDatatype>
<ownDataTypeParameters>,,</ownDataTypeParameters>
</Attribute>
<Attribute name="dt_fim_promo" id="232E8262-3FE3-228B-FD70-A2F834BDFE78">
<createdBy>Mac</createdBy>
<createdTime>2016-05-05 20:28:13 UTC</createdTime>
<comment>Data de fim da promocao.</comment>
<ownerDesignName>Modelo Dimensional</ownerDesignName>
<engineerTo>
<item key="99A134BC-1461-6F50-4DA7-1CC5F7D96C0E" value="true"/>
</engineerTo>
<useDomainConstraints>false</useDomainConstraints>
<use>1</use>
<logicalDatatype>LOGDT007</logicalDatatype>
<ownDataTypeParameters>,,</ownDataTypeParameters>
</Attribute>
<Attribute name="qt_item_promo" id="436CF2AA-0876-BFFE-C4BE-F611674D6C8F">
<createdBy>Mac</createdBy>
<createdTime>2016-05-05 20:29:59 UTC</createdTime>
<comment>Quantidade de itens em promocao.</comment>
<ownerDesignName>Modelo Dimensional</ownerDesignName>
<engineerTo>
<item key="99A134BC-1461-6F50-4DA7-1CC5F7D96C0E" value="true"/>
</engineerTo>
<useDomainConstraints>false</useDomainConstraints>
<use>1</use>
<logicalDatatype>LOGDT019</logicalDatatype>
<dataTypeScale>6</dataTypeScale>
<ownDataTypeParameters>,,6</ownDataTypeParameters>
</Attribute>
<Attribute name="nk_tp_promo" id="4468BA2A-04A4-D60D-9F28-5BF064175FC0">
<createdBy>Mac</createdBy>
<createdTime>2016-05-05 20:31:00 UTC</createdTime>
<comment>Tipo da promocao.</comment>
<ownerDesignName>Modelo Dimensional</ownerDesignName>
<engineerTo>
<item key="99A134BC-1461-6F50-4DA7-1CC5F7D96C0E" value="true"/>
</engineerTo>
<useDomainConstraints>false</useDomainConstraints>
<use>1</use>
<logicalDatatype>LOGDT011</logicalDatatype>
<ownDataTypeParameters>,,</ownDataTypeParameters>
</Attribute>
<Attribute name="nk_nm_tp_promo" id="301AA913-372A-5A73-C859-852EE767A475">
<createdBy>Mac</createdBy>
<createdTime>2016-05-05 20:31:33 UTC</createdTime>
<comment>Nome da promocao.</comment>
<ownerDesignName>Modelo Dimensional</ownerDesignName>
<engineerTo>
<item key="99A134BC-1461-6F50-4DA7-1CC5F7D96C0E" value="true"/>
</engineerTo>
<useDomainConstraints>false</useDomainConstraints>
<use>1</use>
<logicalDatatype>LOGDT024</logicalDatatype>
<dataTypeSize>30</dataTypeSize>
<ownDataTypeParameters>30,,</ownDataTypeParameters>
</Attribute>
<Attribute name="nk_nu_cupom" id="A39E8672-DF94-8646-3B29-807916434B78">
<createdBy>Mac</createdBy>
<createdTime>2016-05-06 05:17:02 UTC</createdTime>
<comment>Codigo do cupom.</comment>
<ownerDesignName>Modelo Dimensional</ownerDesignName>
<engineerTo>
<item key="99A134BC-1461-6F50-4DA7-1CC5F7D96C0E" value="true"/>
</engineerTo>
<useDomainConstraints>false</useDomainConstraints>
<use>1</use>
<logicalDatatype>LOGDT011</logicalDatatype>
<ownDataTypeParameters>,,</ownDataTypeParameters>
</Attribute>
</attributes>
<identifiers itemClass="oracle.dbtools.crest.model.design.logical.CandidateKey">
<identifier id="9956224A-66DE-6445-77B6-B2BA54CEE537" name="DIM_PROMO PK">
<createdBy>Mac</createdBy>
<createdTime>2016-05-05 20:24:52 UTC</createdTime>
<ownerDesignName>Modelo Dimensional</ownerDesignName>
<engineerTo>
<item key="99A134BC-1461-6F50-4DA7-1CC5F7D96C0E" value="true"/>
</engineerTo>
<pk>true</pk>
<usedAttributes>
<attributeRef>E34A2A04-4267-5678-169D-32AC3866D140</attributeRef>
</usedAttributes>
</identifier>
</identifiers>
</Entity>