<?xml version = '1.0' encoding = 'UTF-8'?>
<Entity class="oracle.dbtools.crest.model.design.logical.Entity" directorySegmentName="seg_0" id="2D4B74E3-88F3-AAE8-499B-C8179D37A4C9" name="DIM_CLIMA">
<createdBy>rm74295</createdBy>
<createdTime>2016-05-03 13:33:34 UTC</createdTime>
<ownerDesignName>Modelo Dimensional</ownerDesignName>
<engineerTo>
<item key="99A134BC-1461-6F50-4DA7-1CC5F7D96C0E" value="true"/>
</engineerTo>
<adequatelyNormalized>NO</adequatelyNormalized>
<expectedVolumes>0</expectedVolumes>
<fwdEngineeringStrategyName>Single Table</fwdEngineeringStrategyName>
<growthPercent>0</growthPercent>
<growthType>Year</growthType>
<maxVolumes>9999999</maxVolumes>
<minVolumes>0</minVolumes>
<normalForm>Third</normalForm>
<attributes itemClass="oracle.dbtools.crest.model.design.logical.Attribute">
<Attribute name="sk_dt_clima" id="D9B246DC-1193-8E6D-5F6D-2812583E696A">
<createdBy>Mac</createdBy>
<createdTime>2016-05-06 04:41:38 UTC</createdTime>
<comment>Data em relacao ao clima do dia ( chave primaria)</comment>
<ownerDesignName>Modelo Dimensional</ownerDesignName>
<engineerTo>
<item key="99A134BC-1461-6F50-4DA7-1CC5F7D96C0E" value="true"/>
</engineerTo>
<useDomainConstraints>false</useDomainConstraints>
<use>1</use>
<logicalDatatype>LOGDT007</logicalDatatype>
<ownDataTypeParameters>,,</ownDataTypeParameters>
</Attribute>
<Attribute name="tm_clima" id="5F0BBB95-7E81-914B-B004-2CE8A688C415">
<createdBy>Mac</createdBy>
<createdTime>2016-05-06 04:41:48 UTC</createdTime>
<comment>Temperatura no momento da compra</comment>
<ownerDesignName>Modelo Dimensional</ownerDesignName>
<engineerTo>
<item key="99A134BC-1461-6F50-4DA7-1CC5F7D96C0E" value="true"/>
</engineerTo>
<useDomainConstraints>false</useDomainConstraints>
<use>1</use>
<logicalDatatype>LOGDT024</logicalDatatype>
<dataTypeSize>5 CHAR</dataTypeSize>
<ownDataTypeParameters>5 CHAR,,</ownDataTypeParameters>
</Attribute>
<Attribute name="tp_clima" id="ABA73EFC-E366-ED97-B251-E25580D2B007">
<createdBy>Mac</createdBy>
<createdTime>2016-05-06 04:57:03 UTC</createdTime>
<comment>Tipo de clima no dia.</comment>
<ownerDesignName>Modelo Dimensional</ownerDesignName>
<engineerTo>
<item key="99A134BC-1461-6F50-4DA7-1CC5F7D96C0E" value="true"/>
</engineerTo>
<useDomainConstraints>false</useDomainConstraints>
<use>1</use>
<logicalDatatype>LOGDT024</logicalDatatype>
<dataTypeSize>10 CHAR</dataTypeSize>
<ownDataTypeParameters>10 CHAR,,</ownDataTypeParameters>
</Attribute>
</attributes>
<identifiers itemClass="oracle.dbtools.crest.model.design.logical.CandidateKey">
<identifier id="EA5FC606-6485-716A-B715-DEEDCD2A3709" name="DIM_CLIMA PK">
<createdBy>Mac</createdBy>
<createdTime>2016-05-06 04:42:43 UTC</createdTime>
<ownerDesignName>Modelo Dimensional</ownerDesignName>
<engineerTo>
<item key="99A134BC-1461-6F50-4DA7-1CC5F7D96C0E" value="true"/>
</engineerTo>
<pk>true</pk>
<usedAttributes>
<attributeRef>D9B246DC-1193-8E6D-5F6D-2812583E696A</attributeRef>
</usedAttributes>
</identifier>
</identifiers>
</Entity>