<?xml version = '1.0' encoding = 'UTF-8'?>
<Entity class="oracle.dbtools.crest.model.design.logical.Entity" directorySegmentName="seg_0" id="44B32B5E-E75B-524F-E626-599C1822043C" name="DIM_FUNCIONARIO">
<createdBy>rm74295</createdBy>
<createdTime>2016-05-03 13:36:38 UTC</createdTime>
<ownerDesignName>Modelo Dimensional</ownerDesignName>
<engineerTo>
<item key="99A134BC-1461-6F50-4DA7-1CC5F7D96C0E" value="true"/>
</engineerTo>
<adequatelyNormalized>NO</adequatelyNormalized>
<expectedVolumes>0</expectedVolumes>
<fwdEngineeringStrategyName>Single Table</fwdEngineeringStrategyName>
<growthPercent>0</growthPercent>
<growthType>Year</growthType>
<maxVolumes>9999999</maxVolumes>
<minVolumes>0</minVolumes>
<normalForm>Third</normalForm>
<attributes itemClass="oracle.dbtools.crest.model.design.logical.Attribute">
<Attribute name="sk_funcionario" id="05483FE3-5F7C-BFE1-DA89-E4ACBEC5DB06">
<createdBy>Mac</createdBy>
<createdTime>2016-05-03 18:38:04 UTC</createdTime>
<comment>Codigo funcionario (chave primaria)</comment>
<ownerDesignName>Modelo Dimensional</ownerDesignName>
<engineerTo>
<item key="99A134BC-1461-6F50-4DA7-1CC5F7D96C0E" value="true"/>
</engineerTo>
<useDomainConstraints>false</useDomainConstraints>
<use>1</use>
<logicalDatatype>LOGDT011</logicalDatatype>
<ownDataTypeParameters>,,</ownDataTypeParameters>
</Attribute>
<Attribute name="nk_funcionario" id="03BF9819-4CAF-A2C8-2668-2A07A3838012">
<createdBy>Mac</createdBy>
<createdTime>2016-05-05 20:01:09 UTC</createdTime>
<ownerDesignName>Modelo Dimensional</ownerDesignName>
<engineerTo>
<item key="99A134BC-1461-6F50-4DA7-1CC5F7D96C0E" value="true"/>
</engineerTo>
<useDomainConstraints>false</useDomainConstraints>
<use>1</use>
<logicalDatatype>LOGDT011</logicalDatatype>
<ownDataTypeParameters>,,</ownDataTypeParameters>
</Attribute>
<Attribute name="nm_funcionario" id="70B3DDC1-C835-3E28-9490-AC4951C603C1">
<createdBy>Mac</createdBy>
<createdTime>2016-05-05 19:10:40 UTC</createdTime>
<comment>Nome do funcionario.</comment>
<ownerDesignName>Modelo Dimensional</ownerDesignName>
<engineerTo>
<item key="99A134BC-1461-6F50-4DA7-1CC5F7D96C0E" value="true"/>
</engineerTo>
<useDomainConstraints>false</useDomainConstraints>
<use>1</use>
<logicalDatatype>LOGDT024</logicalDatatype>
<dataTypeSize>60 CHAR</dataTypeSize>
<ownDataTypeParameters>60 CHAR,,</ownDataTypeParameters>
</Attribute>
<Attribute name="dt_nascimento" id="99B3309C-E729-157E-7983-8411C7BD0AEC">
<createdBy>Mac</createdBy>
<createdTime>2016-05-05 19:15:51 UTC</createdTime>
<comment>Data de nascimento funcionario.</comment>
<ownerDesignName>Modelo Dimensional</ownerDesignName>
<engineerTo>
<item key="99A134BC-1461-6F50-4DA7-1CC5F7D96C0E" value="true"/>
</engineerTo>
<useDomainConstraints>false</useDomainConstraints>
<use>1</use>
<logicalDatatype>LOGDT007</logicalDatatype>
<ownDataTypeParameters>,,</ownDataTypeParameters>
</Attribute>
<Attribute name="nk_crg" id="F4059F8B-F5CB-E5D4-4910-1714E955D6CD">
<createdBy>Mac</createdBy>
<createdTime>2016-05-05 19:18:53 UTC</createdTime>
<comment>Codigo do cargo. </comment>
<ownerDesignName>Modelo Dimensional</ownerDesignName>
<engineerTo>
<item key="99A134BC-1461-6F50-4DA7-1CC5F7D96C0E" value="true"/>
</engineerTo>
<useDomainConstraints>false</useDomainConstraints>
<use>1</use>
<logicalDatatype>LOGDT011</logicalDatatype>
<ownDataTypeParameters>,,</ownDataTypeParameters>
</Attribute>
<Attribute name="nm_crg" id="51D2C8DF-E2B2-5BFE-F94C-A44156EFD878">
<createdBy>rm75001</createdBy>
<createdTime>2016-09-13 13:47:52 UTC</createdTime>
<ownerDesignName>Modelo Dimensional</ownerDesignName>
<engineerTo>
<item key="99A134BC-1461-6F50-4DA7-1CC5F7D96C0E" value="true"/>
</engineerTo>
<nullsAllowed>true</nullsAllowed>
<useDomainConstraints>false</useDomainConstraints>
<use>1</use>
<logicalDatatype>LOGDT024</logicalDatatype>
<dataTypeSize>30</dataTypeSize>
<ownDataTypeParameters>30,,</ownDataTypeParameters>
</Attribute>
<Attribute name="dt_admissao_funcionario" id="4A000541-413F-F397-841E-C4308CF0DC9A">
<createdBy>Mac</createdBy>
<createdTime>2016-05-05 20:02:05 UTC</createdTime>
<comment>Data de admissao do funcionario.</comment>
<ownerDesignName>Modelo Dimensional</ownerDesignName>
<engineerTo>
<item key="99A134BC-1461-6F50-4DA7-1CC5F7D96C0E" value="true"/>
</engineerTo>
<useDomainConstraints>false</useDomainConstraints>
<use>1</use>
<logicalDatatype>LOGDT007</logicalDatatype>
<ownDataTypeParameters>,,</ownDataTypeParameters>
</Attribute>
<Attribute name="dt_demissao_funcionario" id="A230FE94-7E38-D928-BDCD-3C16B780249F">
<createdBy>Mac</createdBy>
<createdTime>2016-05-05 20:02:14 UTC</createdTime>
<comment>Data de demissao do funcionario.</comment>
<ownerDesignName>Modelo Dimensional</ownerDesignName>
<engineerTo>
<item key="99A134BC-1461-6F50-4DA7-1CC5F7D96C0E" value="true"/>
</engineerTo>
<nullsAllowed>true</nullsAllowed>
<useDomainConstraints>false</useDomainConstraints>
<use>1</use>
<logicalDatatype>LOGDT007</logicalDatatype>
<ownDataTypeParameters>,,</ownDataTypeParameters>
</Attribute>
<Attribute name="vl_salario_funcionario" id="6389C834-CD72-C1D7-C797-DADE0DB4C361">
<createdBy>Mac</createdBy>
<createdTime>2016-05-05 20:05:37 UTC</createdTime>
<comment>Valor do salario do funcionario. </comment>
<ownerDesignName>Modelo Dimensional</ownerDesignName>
<engineerTo>
<item key="99A134BC-1461-6F50-4DA7-1CC5F7D96C0E" value="true"/>
</engineerTo>
<useDomainConstraints>false</useDomainConstraints>
<use>1</use>
<logicalDatatype>LOGDT019</logicalDatatype>
<dataTypePrecision>9</dataTypePrecision>
<dataTypeScale>2</dataTypeScale>
<ownDataTypeParameters>,9,2</ownDataTypeParameters>
</Attribute>
</attributes>
<identifiers itemClass="oracle.dbtools.crest.model.design.logical.CandidateKey">
<identifier id="31CD4991-00FB-8F09-D516-85FD2A0557D1" name="DIM_FUNCIONARIO PK">
<createdBy>Mac</createdBy>
<createdTime>2016-05-03 18:38:52 UTC</createdTime>
<ownerDesignName>Modelo Dimensional</ownerDesignName>
<engineerTo>
<item key="99A134BC-1461-6F50-4DA7-1CC5F7D96C0E" value="true"/>
</engineerTo>
<pk>true</pk>
<usedAttributes>
<attributeRef>05483FE3-5F7C-BFE1-DA89-E4ACBEC5DB06</attributeRef>
</usedAttributes>
</identifier>
</identifiers>
</Entity>