<?xml version = '1.0' encoding = 'UTF-8'?>
<Entity class="oracle.dbtools.crest.model.design.logical.Entity" directorySegmentName="seg_0" id="66A11010-71D2-74E5-68DE-4BB938CD2635" name="DIM_PRODUTO">
<createdBy>rm74295</createdBy>
<createdTime>2016-05-03 13:33:51 UTC</createdTime>
<ownerDesignName>Modelo Dimensional</ownerDesignName>
<engineerTo>
<item key="99A134BC-1461-6F50-4DA7-1CC5F7D96C0E" value="true"/>
</engineerTo>
<adequatelyNormalized>NO</adequatelyNormalized>
<expectedVolumes>0</expectedVolumes>
<fwdEngineeringStrategyName>Single Table</fwdEngineeringStrategyName>
<growthPercent>0</growthPercent>
<growthType>Year</growthType>
<maxVolumes>9999999</maxVolumes>
<minVolumes>0</minVolumes>
<normalForm>Third</normalForm>
<attributes itemClass="oracle.dbtools.crest.model.design.logical.Attribute">
<Attribute name="sk_produto" id="B283BDB9-D10E-F2A0-E08A-F2717C77CC2D">
<createdBy>Mac</createdBy>
<createdTime>2016-05-06 05:13:40 UTC</createdTime>
<comment>Codigo do produto.</comment>
<ownerDesignName>Modelo Dimensional</ownerDesignName>
<engineerTo>
<item key="99A134BC-1461-6F50-4DA7-1CC5F7D96C0E" value="true"/>
</engineerTo>
<useDomainConstraints>false</useDomainConstraints>
<use>1</use>
<logicalDatatype>LOGDT011</logicalDatatype>
<ownDataTypeParameters>,,</ownDataTypeParameters>
</Attribute>
<Attribute name="nk_produto" id="2E383ACF-2E0A-7A75-02A4-1641A57158B5">
<createdBy>Mac</createdBy>
<createdTime>2016-05-06 05:15:51 UTC</createdTime>
<comment>Codigo da cerveja.</comment>
<ownerDesignName>Modelo Dimensional</ownerDesignName>
<engineerTo>
<item key="99A134BC-1461-6F50-4DA7-1CC5F7D96C0E" value="true"/>
</engineerTo>
<useDomainConstraints>false</useDomainConstraints>
<use>1</use>
<logicalDatatype>LOGDT011</logicalDatatype>
<ownDataTypeParameters>,,</ownDataTypeParameters>
</Attribute>
<Attribute name="nm_produto" id="F3A146A2-733D-0482-B2C8-F4D3FC2D941C">
<createdBy>Mac</createdBy>
<createdTime>2016-05-06 05:13:55 UTC</createdTime>
<comment>Nome do produto</comment>
<ownerDesignName>Modelo Dimensional</ownerDesignName>
<engineerTo>
<item key="99A134BC-1461-6F50-4DA7-1CC5F7D96C0E" value="true"/>
</engineerTo>
<useDomainConstraints>false</useDomainConstraints>
<use>1</use>
<logicalDatatype>LOGDT024</logicalDatatype>
<dataTypeSize>100 CHAR</dataTypeSize>
<ownDataTypeParameters>100 CHAR,,</ownDataTypeParameters>
</Attribute>
<Attribute name="ds_produto" id="47A7D8C3-A3CF-D18B-0A05-ADDAB30FCDBD">
<createdBy>rm74295</createdBy>
<createdTime>2016-05-20 13:34:57 UTC</createdTime>
<ownerDesignName>Modelo Dimensional</ownerDesignName>
<engineerTo>
<item key="99A134BC-1461-6F50-4DA7-1CC5F7D96C0E" value="true"/>
</engineerTo>
<useDomainConstraints>false</useDomainConstraints>
<use>1</use>
<logicalDatatype>LOGDT024</logicalDatatype>
<dataTypeSize>200</dataTypeSize>
<ownDataTypeParameters>200,,</ownDataTypeParameters>
</Attribute>
<Attribute name="nk_categoria" id="7481559C-6A1F-9D05-33CE-C9FBB4A021F1">
<createdBy>rm74295</createdBy>
<createdTime>2016-05-20 13:36:26 UTC</createdTime>
<ownerDesignName>Modelo Dimensional</ownerDesignName>
<engineerTo>
<item key="99A134BC-1461-6F50-4DA7-1CC5F7D96C0E" value="true"/>
</engineerTo>
<useDomainConstraints>false</useDomainConstraints>
<use>1</use>
<logicalDatatype>LOGDT011</logicalDatatype>
<ownDataTypeParameters>,,</ownDataTypeParameters>
</Attribute>
<Attribute name="nm_categoria" id="D3A5E750-499E-394A-EECD-E6EE2C01A17B">
<createdBy>rm75001</createdBy>
<createdTime>2016-09-13 13:44:45 UTC</createdTime>
<ownerDesignName>Modelo Dimensional</ownerDesignName>
<engineerTo>
<item key="99A134BC-1461-6F50-4DA7-1CC5F7D96C0E" value="true"/>
</engineerTo>
<nullsAllowed>true</nullsAllowed>
<useDomainConstraints>false</useDomainConstraints>
<use>1</use>
<logicalDatatype>LOGDT024</logicalDatatype>
<dataTypeSize>100</dataTypeSize>
<ownDataTypeParameters>100,,</ownDataTypeParameters>
</Attribute>
<Attribute name="vl_produto" id="7F5C2DD3-06C0-9F0E-05D6-1C80AEDA7C04">
<createdBy>rm75001</createdBy>
<createdTime>2016-09-13 13:48:59 UTC</createdTime>
<ownerDesignName>Modelo Dimensional</ownerDesignName>
<engineerTo>
<item key="99A134BC-1461-6F50-4DA7-1CC5F7D96C0E" value="true"/>
</engineerTo>
<nullsAllowed>true</nullsAllowed>
<useDomainConstraints>false</useDomainConstraints>
<use>1</use>
<logicalDatatype>LOGDT019</logicalDatatype>
<dataTypePrecision>2</dataTypePrecision>
<dataTypeScale>6</dataTypeScale>
<ownDataTypeParameters>,2,6</ownDataTypeParameters>
</Attribute>
</attributes>
<identifiers itemClass="oracle.dbtools.crest.model.design.logical.CandidateKey">
<identifier id="E20735CE-E1B0-EB60-D8DB-6C5ECE046C1F" name="DIM_PRODUTO PK">
<createdBy>Mac</createdBy>
<createdTime>2016-05-06 05:13:49 UTC</createdTime>
<ownerDesignName>Modelo Dimensional</ownerDesignName>
<engineerTo>
<item key="99A134BC-1461-6F50-4DA7-1CC5F7D96C0E" value="true"/>
</engineerTo>
<pk>true</pk>
<usedAttributes>
<attributeRef>B283BDB9-D10E-F2A0-E08A-F2717C77CC2D</attributeRef>
</usedAttributes>
</identifier>
</identifiers>
</Entity>