<?xml version = '1.0' encoding = 'UTF-8'?>
<Entity class="oracle.dbtools.crest.model.design.logical.Entity" directorySegmentName="seg_0" id="6D1B9952-7BD8-1532-A503-A4DE53F03959" name="DIM_PAGAMENTO">
<createdBy>Mac</createdBy>
<createdTime>2016-05-05 20:43:31 UTC</createdTime>
<generatorID>Gerado pelo usuário</generatorID>
<ownerDesignName>Modelo Dimensional</ownerDesignName>
<engineerTo>
<item key="99A134BC-1461-6F50-4DA7-1CC5F7D96C0E" value="true"/>
</engineerTo>
<adequatelyNormalized>NO</adequatelyNormalized>
<expectedVolumes>0</expectedVolumes>
<fwdEngineeringStrategyName>Single Table</fwdEngineeringStrategyName>
<growthPercent>0</growthPercent>
<growthType>Year</growthType>
<maxVolumes>9999999</maxVolumes>
<minVolumes>0</minVolumes>
<normalForm>Third</normalForm>
<attributes itemClass="oracle.dbtools.crest.model.design.logical.Attribute">
<Attribute name="sk_pagamento" id="A5F74B63-DA02-47EF-E80F-07E3E8AE8F88">
<createdBy>Mac</createdBy>
<createdTime>2016-05-05 20:43:31 UTC</createdTime>
<comment>Codigo do pagamento ( chave primaria)</comment>
<ownerDesignName>Modelo Dimensional</ownerDesignName>
<importedID>869DFCB1-5D86-A7B9-C185-48851BAE4203</importedID>
<engineerTo>
<item key="99A134BC-1461-6F50-4DA7-1CC5F7D96C0E" value="true"/>
</engineerTo>
<useDomainConstraints>false</useDomainConstraints>
<use>1</use>
<logicalDatatype>LOGDT011</logicalDatatype>
<ownDataTypeParameters>,,</ownDataTypeParameters>
</Attribute>
<Attribute name="nk_pagamento" id="B855FC7B-1779-DC11-F69A-D56BFB211D4F">
<createdBy>Mac</createdBy>
<createdTime>2016-05-05 20:44:28 UTC</createdTime>
<ownerDesignName>Modelo Dimensional</ownerDesignName>
<engineerTo>
<item key="99A134BC-1461-6F50-4DA7-1CC5F7D96C0E" value="true"/>
</engineerTo>
<useDomainConstraints>false</useDomainConstraints>
<use>1</use>
<logicalDatatype>LOGDT011</logicalDatatype>
<ownDataTypeParameters>,,</ownDataTypeParameters>
</Attribute>
<Attribute name="tp_pagamento" id="B28E5080-5FB1-97E5-17D0-D3CD7DD390E1">
<createdBy>Mac</createdBy>
<createdTime>2016-05-05 20:43:31 UTC</createdTime>
<comment>Forma de pagamento</comment>
<ownerDesignName>Modelo Dimensional</ownerDesignName>
<importedID>09867F14-036C-0F3C-9CD5-9BCAC4477E03</importedID>
<engineerTo>
<item key="99A134BC-1461-6F50-4DA7-1CC5F7D96C0E" value="true"/>
</engineerTo>
<use>0</use>
<logicalDatatype>LOGDT024</logicalDatatype>
<domain>220E9FE4-F330-5138-0F67-6D3E72692BE6</domain>
<ownDataTypeParameters>,,</ownDataTypeParameters>
</Attribute>
<Attribute name="dt_pagamento" id="91D0CF0A-8E24-E2D0-AEA0-DF7518025CED">
<createdBy>Mac</createdBy>
<createdTime>2016-05-05 20:43:31 UTC</createdTime>
<comment>Data do pagamento</comment>
<ownerDesignName>Modelo Dimensional</ownerDesignName>
<importedID>56893DA9-69DD-1F30-2201-1BFCBD98A2AD</importedID>
<engineerTo>
<item key="99A134BC-1461-6F50-4DA7-1CC5F7D96C0E" value="true"/>
</engineerTo>
<useDomainConstraints>false</useDomainConstraints>
<use>1</use>
<logicalDatatype>LOGDT008</logicalDatatype>
<ownDataTypeParameters>,,</ownDataTypeParameters>
</Attribute>
<Attribute name="vl_pagamento" id="41203747-DBAC-C06E-9FB9-9BED945269CD">
<createdBy>Mac</createdBy>
<createdTime>2016-05-05 20:43:31 UTC</createdTime>
<comment>Valor do pagamento</comment>
<ownerDesignName>Modelo Dimensional</ownerDesignName>
<importedID>A977DCC3-8DCB-82AE-A2D9-89DE40338C60</importedID>
<engineerTo>
<item key="99A134BC-1461-6F50-4DA7-1CC5F7D96C0E" value="true"/>
</engineerTo>
<useDomainConstraints>false</useDomainConstraints>
<use>1</use>
<logicalDatatype>LOGDT019</logicalDatatype>
<dataTypeScale>11</dataTypeScale>
<ownDataTypeParameters>,,11</ownDataTypeParameters>
</Attribute>
<Attribute name="nk_venda" id="1DD4D3CD-9E03-605A-59DB-2D432E74939B">
<createdBy>Mac</createdBy>
<createdTime>2016-05-05 20:43:31 UTC</createdTime>
<comment>Codigo da venda ( chave primaria)</comment>
<ownerDesignName>Modelo Dimensional</ownerDesignName>
<importedID>9E217B4A-1548-0F2E-CA63-F5B85DA3DD79</importedID>
<engineerTo>
<item key="99A134BC-1461-6F50-4DA7-1CC5F7D96C0E" value="true"/>
</engineerTo>
<useDomainConstraints>false</useDomainConstraints>
<use>1</use>
<logicalDatatype>LOGDT011</logicalDatatype>
<ownDataTypeParameters>,,</ownDataTypeParameters>
</Attribute>
</attributes>
<identifiers itemClass="oracle.dbtools.crest.model.design.logical.CandidateKey">
<identifier id="9D65F055-DD0C-F6A6-1CA3-201B9379B8A0" name="DIM_PAGAMENTO PK">
<createdBy>Mac</createdBy>
<createdTime>2016-05-05 20:43:31 UTC</createdTime>
<generatorID>Gerado pelo usuário</generatorID>
<ownerDesignName>Modelo Dimensional</ownerDesignName>
<engineerTo>
<item key="99A134BC-1461-6F50-4DA7-1CC5F7D96C0E" value="true"/>
</engineerTo>
<pk>true</pk>
<newElementsIDs>A5F74B63-DA02-47EF-E80F-07E3E8AE8F88</newElementsIDs>
<usedAttributes>
<attributeRef>A5F74B63-DA02-47EF-E80F-07E3E8AE8F88</attributeRef>
</usedAttributes>
</identifier>
</identifiers>
</Entity>