<?xml version = '1.0' encoding = 'UTF-8'?>
<Entity class="oracle.dbtools.crest.model.design.logical.Entity" directorySegmentName="seg_0" id="7A7A945F-B855-F4FA-84E9-96AFAA0831FE" name="FAT_VENDA">
<createdBy>rm74295</createdBy>
<createdTime>2016-05-03 13:33:09 UTC</createdTime>
<ownerDesignName>Modelo Dimensional</ownerDesignName>
<engineerTo>
<item key="99A134BC-1461-6F50-4DA7-1CC5F7D96C0E" value="true"/>
</engineerTo>
<adequatelyNormalized>NO</adequatelyNormalized>
<expectedVolumes>0</expectedVolumes>
<fwdEngineeringStrategyName>Single Table</fwdEngineeringStrategyName>
<growthPercent>0</growthPercent>
<growthType>Year</growthType>
<maxVolumes>9999999</maxVolumes>
<minVolumes>0</minVolumes>
<normalForm>Third</normalForm>
<attributes itemClass="oracle.dbtools.crest.model.design.logical.Attribute">
<Attribute name="sk_data" id="E0F652CD-CA12-AD55-0D1D-8F3385A0703E">
<createdBy>rm74295</createdBy>
<createdTime>2016-05-10 13:39:44 UTC</createdTime>
<generatorID>6FBDC590-0E9F-4A0F-13DB-4DA1F1B354F5</generatorID>
<ownerDesignName>Modelo Dimensional</ownerDesignName>
<engineerTo>
<item key="99A134BC-1461-6F50-4DA7-1CC5F7D96C0E" value="true"/>
</engineerTo>
<referedAttribute>412EF2E6-C171-B361-3749-9DBEF4887633</referedAttribute>
<useDomainConstraints>false</useDomainConstraints>
<use>1</use>
<logicalDatatype>LOGDT011</logicalDatatype>
<ownDataTypeParameters>,,</ownDataTypeParameters>
</Attribute>
<Attribute name="sk_funcionario" id="E1F9AB85-3C3E-AB0D-CF3A-3FB4451BE070">
<createdBy>rm74295</createdBy>
<createdTime>2016-05-10 13:59:18 UTC</createdTime>
<comment>Codigo funcionario (chave primaria)</comment>
<generatorID>B795D815-0BBF-E22E-0C7D-403A567940B7</generatorID>
<ownerDesignName>Modelo Dimensional</ownerDesignName>
<engineerTo>
<item key="99A134BC-1461-6F50-4DA7-1CC5F7D96C0E" value="true"/>
</engineerTo>
<referedAttribute>05483FE3-5F7C-BFE1-DA89-E4ACBEC5DB06</referedAttribute>
<useDomainConstraints>false</useDomainConstraints>
<use>1</use>
<logicalDatatype>LOGDT011</logicalDatatype>
<ownDataTypeParameters>,,</ownDataTypeParameters>
</Attribute>
<Attribute name="sk_produto" id="2CCAE164-E1A2-62F4-A2B1-265655E17005">
<createdBy>rm74295</createdBy>
<createdTime>2016-05-10 14:00:21 UTC</createdTime>
<comment>Codigo do produto.</comment>
<generatorID>56767343-ECF4-9BAB-5E16-FD0ADEA8D281</generatorID>
<ownerDesignName>Modelo Dimensional</ownerDesignName>
<engineerTo>
<item key="99A134BC-1461-6F50-4DA7-1CC5F7D96C0E" value="true"/>
</engineerTo>
<referedAttribute>B283BDB9-D10E-F2A0-E08A-F2717C77CC2D</referedAttribute>
<useDomainConstraints>false</useDomainConstraints>
<use>1</use>
<logicalDatatype>LOGDT011</logicalDatatype>
<ownDataTypeParameters>,,</ownDataTypeParameters>
</Attribute>
<Attribute name="sk_promo" id="DB2E3DD3-29D4-D85B-32EE-D2EEDD730465">
<createdBy>rm74295</createdBy>
<createdTime>2016-05-10 14:02:17 UTC</createdTime>
<comment>Codigo promocao.</comment>
<generatorID>82E6B330-7FC9-229F-5D3E-21E6B12B9910</generatorID>
<ownerDesignName>Modelo Dimensional</ownerDesignName>
<engineerTo>
<item key="99A134BC-1461-6F50-4DA7-1CC5F7D96C0E" value="true"/>
</engineerTo>
<referedAttribute>E34A2A04-4267-5678-169D-32AC3866D140</referedAttribute>
<useDomainConstraints>false</useDomainConstraints>
<use>1</use>
<logicalDatatype>LOGDT011</logicalDatatype>
<ownDataTypeParameters>,,</ownDataTypeParameters>
</Attribute>
<Attribute name="sk_unidade" id="8FAA23C7-E2B0-0E74-03D8-F0056EAA8F0D">
<createdBy>rm74295</createdBy>
<createdTime>2016-05-10 14:03:00 UTC</createdTime>
<comment>Codigo da unidade.</comment>
<generatorID>BA500C7F-1FFF-EA09-E340-98DEECF16C2F</generatorID>
<ownerDesignName>Modelo Dimensional</ownerDesignName>
<engineerTo>
<item key="99A134BC-1461-6F50-4DA7-1CC5F7D96C0E" value="true"/>
</engineerTo>
<referedAttribute>D7ED7564-E8C4-B6D8-BC6A-16F62C3D1B10</referedAttribute>
<useDomainConstraints>false</useDomainConstraints>
<use>1</use>
<logicalDatatype>LOGDT011</logicalDatatype>
<ownDataTypeParameters>,,</ownDataTypeParameters>
</Attribute>
<Attribute name="sk_pagamento" id="559E2711-176C-9090-758B-330E92985077">
<createdBy>rm74295</createdBy>
<createdTime>2016-05-10 14:04:21 UTC</createdTime>
<comment>Codigo do pagamento ( chave primaria)</comment>
<generatorID>0C1FA1A8-22E5-A26C-6E42-05A831BE32CD</generatorID>
<ownerDesignName>Modelo Dimensional</ownerDesignName>
<engineerTo>
<item key="99A134BC-1461-6F50-4DA7-1CC5F7D96C0E" value="true"/>
</engineerTo>
<referedAttribute>A5F74B63-DA02-47EF-E80F-07E3E8AE8F88</referedAttribute>
<useDomainConstraints>false</useDomainConstraints>
<use>1</use>
<logicalDatatype>LOGDT011</logicalDatatype>
<ownDataTypeParameters>,,</ownDataTypeParameters>
</Attribute>
<Attribute name="nk_venda" id="944E16E6-1337-5587-726B-9B26848E60FC">
<createdBy>rm75001</createdBy>
<createdTime>2016-09-13 13:43:08 UTC</createdTime>
<ownerDesignName>Modelo Dimensional</ownerDesignName>
<engineerTo>
<item key="99A134BC-1461-6F50-4DA7-1CC5F7D96C0E" value="true"/>
</engineerTo>
<nullsAllowed>true</nullsAllowed>
<useDomainConstraints>false</useDomainConstraints>
<use>1</use>
<logicalDatatype>LOGDT011</logicalDatatype>
<ownDataTypeParameters>,,</ownDataTypeParameters>
</Attribute>
<Attribute name="sk_dt_clima" id="D6F6202C-8FC2-D811-DAD2-30D46A5D1531">
<createdBy>rm74295</createdBy>
<createdTime>2016-05-10 14:04:58 UTC</createdTime>
<comment>Data em relacao ao clima do dia ( chave primaria)</comment>
<generatorID>C15092FB-4818-AB4B-526B-87BE3E1A8D82</generatorID>
<ownerDesignName>Modelo Dimensional</ownerDesignName>
<engineerTo>
<item key="99A134BC-1461-6F50-4DA7-1CC5F7D96C0E" value="true"/>
</engineerTo>
<referedAttribute>D9B246DC-1193-8E6D-5F6D-2812583E696A</referedAttribute>
<useDomainConstraints>false</useDomainConstraints>
<use>1</use>
<logicalDatatype>LOGDT007</logicalDatatype>
<ownDataTypeParameters>,,</ownDataTypeParameters>
</Attribute>
<Attribute name="sk_tempo" id="4FD3BCE8-68F2-AED0-B905-5E7E27ADB88D">
<createdBy>rm74295</createdBy>
<createdTime>2016-05-10 14:06:10 UTC</createdTime>
<generatorID>2BB1A13F-2796-CF1D-EE6D-E46319740BC2</generatorID>
<ownerDesignName>Modelo Dimensional</ownerDesignName>
<engineerTo>
<item key="99A134BC-1461-6F50-4DA7-1CC5F7D96C0E" value="true"/>
</engineerTo>
<referedAttribute>46E86ACE-1F35-2034-BF85-2A009BE4607E</referedAttribute>
<useDomainConstraints>false</useDomainConstraints>
<use>1</use>
<logicalDatatype>LOGDT011</logicalDatatype>
<ownDataTypeParameters>,,</ownDataTypeParameters>
</Attribute>
<Attribute name="sk_cliente" id="E9497F34-844E-EAC9-00E1-4F937C25D90A">
<createdBy>rm74295</createdBy>
<createdTime>2016-05-10 14:20:07 UTC</createdTime>
<comment>SK cliente</comment>
<generatorID>DCB5686C-A469-102F-B88B-B822149E5645</generatorID>
<ownerDesignName>Modelo Dimensional</ownerDesignName>
<engineerTo>
<item key="99A134BC-1461-6F50-4DA7-1CC5F7D96C0E" value="true"/>
</engineerTo>
<referedAttribute>5005A946-3BC8-6C5C-5C8A-5E10A2D69B00</referedAttribute>
<useDomainConstraints>false</useDomainConstraints>
<use>1</use>
<logicalDatatype>LOGDT011</logicalDatatype>
<ownDataTypeParameters>,,</ownDataTypeParameters>
</Attribute>
<Attribute name="sk_cerveja" id="8D60963A-F496-CEDD-02AB-43D4F5058A93">
<createdBy>rm75001</createdBy>
<createdTime>2016-05-16 14:25:32 UTC</createdTime>
<generatorID>2F1CD4D3-491B-96BA-DCEF-2F6DBF9BDEDB</generatorID>
<ownerDesignName>Modelo Dimensional</ownerDesignName>
<engineerTo>
<item key="99A134BC-1461-6F50-4DA7-1CC5F7D96C0E" value="true"/>
</engineerTo>
<referedAttribute>B71C7C72-2731-6301-D393-4704067D29D5</referedAttribute>
<useDomainConstraints>false</useDomainConstraints>
<use>1</use>
<logicalDatatype>LOGDT011</logicalDatatype>
<ownDataTypeParameters>,,</ownDataTypeParameters>
</Attribute>
<Attribute name="sk_faixa_etaria" id="AB174ADC-57D7-AFE5-0DFC-A22722537800">
<createdBy>rm74295</createdBy>
<createdTime>2016-05-20 13:27:09 UTC</createdTime>
<generatorID>7711A7E4-662E-CDD4-0AC5-1441C04A20E8</generatorID>
<ownerDesignName>Modelo Dimensional</ownerDesignName>
<engineerTo>
<item key="99A134BC-1461-6F50-4DA7-1CC5F7D96C0E" value="true"/>
</engineerTo>
<referedAttribute>6B64B851-6359-32DE-F99F-D99A8EC17F0B</referedAttribute>
<useDomainConstraints>false</useDomainConstraints>
<use>1</use>
<logicalDatatype>LOGDT011</logicalDatatype>
<ownDataTypeParameters>,,</ownDataTypeParameters>
</Attribute>
<Attribute name="dd_venda" id="C86519A4-3134-1850-BE40-8720E927D069">
<createdBy>rm74295</createdBy>
<createdTime>2016-05-10 13:38:24 UTC</createdTime>
<ownerDesignName>Modelo Dimensional</ownerDesignName>
<engineerTo>
<item key="99A134BC-1461-6F50-4DA7-1CC5F7D96C0E" value="true"/>
</engineerTo>
<useDomainConstraints>false</useDomainConstraints>
<use>1</use>
<logicalDatatype>LOGDT011</logicalDatatype>
<ownDataTypeParameters>,,</ownDataTypeParameters>
</Attribute>
<Attribute name="qt_venda" id="14B9600B-58E2-9997-1A9C-C1DAEA9D7A12">
<createdBy>Mac</createdBy>
<createdTime>2016-05-10 13:27:08 UTC</createdTime>
<ownerDesignName>Modelo Dimensional</ownerDesignName>
<engineerTo>
<item key="99A134BC-1461-6F50-4DA7-1CC5F7D96C0E" value="true"/>
</engineerTo>
<useDomainConstraints>false</useDomainConstraints>
<use>1</use>
<logicalDatatype>LOGDT018</logicalDatatype>
<ownDataTypeParameters>,,</ownDataTypeParameters>
</Attribute>
<Attribute name="vl_preco_unitario" id="0CED2C3A-5460-B4C4-837E-A11D85FD384B">
<createdBy>Mac</createdBy>
<createdTime>2016-05-10 13:27:24 UTC</createdTime>
<ownerDesignName>Modelo Dimensional</ownerDesignName>
<engineerTo>
<item key="99A134BC-1461-6F50-4DA7-1CC5F7D96C0E" value="true"/>
</engineerTo>
<useDomainConstraints>false</useDomainConstraints>
<use>1</use>
<logicalDatatype>LOGDT019</logicalDatatype>
<dataTypePrecision>4</dataTypePrecision>
<dataTypeScale>2</dataTypeScale>
<ownDataTypeParameters>,4,2</ownDataTypeParameters>
</Attribute>
<Attribute name="vl_desconto_unitario" id="E898648D-9A45-7DA5-188E-45B84558BB9A">
<createdBy>Mac</createdBy>
<createdTime>2016-05-10 13:27:41 UTC</createdTime>
<ownerDesignName>Modelo Dimensional</ownerDesignName>
<engineerTo>
<item key="99A134BC-1461-6F50-4DA7-1CC5F7D96C0E" value="true"/>
</engineerTo>
<useDomainConstraints>false</useDomainConstraints>
<use>1</use>
<logicalDatatype>LOGDT019</logicalDatatype>
<dataTypePrecision>4</dataTypePrecision>
<dataTypeScale>2</dataTypeScale>
<ownDataTypeParameters>,4,2</ownDataTypeParameters>
</Attribute>
<Attribute name="vl_total_preco" id="1D6C6B7C-9170-5D53-1E98-FD528818BE84">
<createdBy>Mac</createdBy>
<createdTime>2016-05-10 13:28:03 UTC</createdTime>
<ownerDesignName>Modelo Dimensional</ownerDesignName>
<engineerTo>
<item key="99A134BC-1461-6F50-4DA7-1CC5F7D96C0E" value="true"/>
</engineerTo>
<useDomainConstraints>false</useDomainConstraints>
<use>1</use>
<logicalDatatype>LOGDT019</logicalDatatype>
<dataTypePrecision>4</dataTypePrecision>
<dataTypeScale>2</dataTypeScale>
<ownDataTypeParameters>,4,2</ownDataTypeParameters>
</Attribute>
<Attribute name="vl_total_desconto" id="B0CC6F90-24E6-99EE-A6AB-12FFAF88C848">
<createdBy>Mac</createdBy>
<createdTime>2016-05-10 13:28:16 UTC</createdTime>
<ownerDesignName>Modelo Dimensional</ownerDesignName>
<engineerTo>
<item key="99A134BC-1461-6F50-4DA7-1CC5F7D96C0E" value="true"/>
</engineerTo>
<useDomainConstraints>false</useDomainConstraints>
<use>1</use>
<logicalDatatype>LOGDT019</logicalDatatype>
<dataTypePrecision>4</dataTypePrecision>
<dataTypeScale>2</dataTypeScale>
<ownDataTypeParameters>,4,2</ownDataTypeParameters>
</Attribute>
</attributes>
<identifiers itemClass="oracle.dbtools.crest.model.design.logical.CandidateKey">
<identifier id="5D383D2D-A510-9113-1F4E-6CB8646A1D00" name="FAT_VENDA PK">
<createdBy>rm74295</createdBy>
<createdTime>2016-05-10 13:38:55 UTC</createdTime>
<ownerDesignName>Modelo Dimensional</ownerDesignName>
<engineerTo>
<item key="99A134BC-1461-6F50-4DA7-1CC5F7D96C0E" value="true"/>
</engineerTo>
<pk>true</pk>
<usedAttributes>
<attributeRef>C86519A4-3134-1850-BE40-8720E927D069</attributeRef>
<attributeRef>E0F652CD-CA12-AD55-0D1D-8F3385A0703E</attributeRef>
<attributeRef>E1F9AB85-3C3E-AB0D-CF3A-3FB4451BE070</attributeRef>
<attributeRef>2CCAE164-E1A2-62F4-A2B1-265655E17005</attributeRef>
<attributeRef>DB2E3DD3-29D4-D85B-32EE-D2EEDD730465</attributeRef>
<attributeRef>8FAA23C7-E2B0-0E74-03D8-F0056EAA8F0D</attributeRef>
<attributeRef>559E2711-176C-9090-758B-330E92985077</attributeRef>
<attributeRef>D6F6202C-8FC2-D811-DAD2-30D46A5D1531</attributeRef>
<attributeRef>4FD3BCE8-68F2-AED0-B905-5E7E27ADB88D</attributeRef>
<attributeRef>E9497F34-844E-EAC9-00E1-4F937C25D90A</attributeRef>
<attributeRef>8D60963A-F496-CEDD-02AB-43D4F5058A93</attributeRef>
<attributeRef>AB174ADC-57D7-AFE5-0DFC-A22722537800</attributeRef>
</usedAttributes>
</identifier>
</identifiers>
</Entity>