<?xml version = '1.0' encoding = 'UTF-8'?>
<Entity class="oracle.dbtools.crest.model.design.logical.Entity" directorySegmentName="seg_0" id="8F30A779-B397-4828-565B-D4C3C3E877B9" name="DIM_LOJA">
<createdBy>rm74295</createdBy>
<createdTime>2016-05-03 13:35:12 UTC</createdTime>
<ownerDesignName>Modelo Dimensional</ownerDesignName>
<engineerTo>
<item key="99A134BC-1461-6F50-4DA7-1CC5F7D96C0E" value="true"/>
</engineerTo>
<adequatelyNormalized>NO</adequatelyNormalized>
<expectedVolumes>0</expectedVolumes>
<fwdEngineeringStrategyName>Single Table</fwdEngineeringStrategyName>
<growthPercent>0</growthPercent>
<growthType>Year</growthType>
<maxVolumes>9999999</maxVolumes>
<minVolumes>0</minVolumes>
<normalForm>Third</normalForm>
<attributes itemClass="oracle.dbtools.crest.model.design.logical.Attribute">
<Attribute name="sk_unidade" id="D7ED7564-E8C4-B6D8-BC6A-16F62C3D1B10">
<createdBy>Mac</createdBy>
<createdTime>2016-05-06 05:09:53 UTC</createdTime>
<comment>Codigo da unidade.</comment>
<ownerDesignName>Modelo Dimensional</ownerDesignName>
<engineerTo>
<item key="99A134BC-1461-6F50-4DA7-1CC5F7D96C0E" value="true"/>
</engineerTo>
<useDomainConstraints>false</useDomainConstraints>
<use>1</use>
<logicalDatatype>LOGDT011</logicalDatatype>
<ownDataTypeParameters>,,</ownDataTypeParameters>
</Attribute>
<Attribute name="nk_unidade" id="A1E35AAD-7CFD-EDCD-AD20-46F36B050AE5">
<createdBy>rm75001</createdBy>
<createdTime>2016-09-13 13:50:17 UTC</createdTime>
<ownerDesignName>Modelo Dimensional</ownerDesignName>
<engineerTo>
<item key="99A134BC-1461-6F50-4DA7-1CC5F7D96C0E" value="true"/>
</engineerTo>
<useDomainConstraints>false</useDomainConstraints>
<use>1</use>
<logicalDatatype>LOGDT019</logicalDatatype>
<dataTypePrecision>2</dataTypePrecision>
<ownDataTypeParameters>,2,</ownDataTypeParameters>
</Attribute>
<Attribute name="nm_unidade" id="371F8E90-59B1-A29F-944C-3D6DFDFBC743">
<createdBy>Mac</createdBy>
<createdTime>2016-05-06 05:11:07 UTC</createdTime>
<comment>Nome da unidade.</comment>
<ownerDesignName>Modelo Dimensional</ownerDesignName>
<engineerTo>
<item key="99A134BC-1461-6F50-4DA7-1CC5F7D96C0E" value="true"/>
</engineerTo>
<useDomainConstraints>false</useDomainConstraints>
<use>1</use>
<logicalDatatype>LOGDT011</logicalDatatype>
<ownDataTypeParameters>,,</ownDataTypeParameters>
</Attribute>
<Attribute name="tp_unidade" id="1893B241-4DD3-C795-C066-DF283384BE7E">
<createdBy>Mac</createdBy>
<createdTime>2016-05-06 05:11:38 UTC</createdTime>
<comment>Tipo da unidade</comment>
<ownerDesignName>Modelo Dimensional</ownerDesignName>
<engineerTo>
<item key="99A134BC-1461-6F50-4DA7-1CC5F7D96C0E" value="true"/>
</engineerTo>
<useDomainConstraints>false</useDomainConstraints>
<use>1</use>
<logicalDatatype>LOGDT024</logicalDatatype>
<dataTypeSize>10 CHAR</dataTypeSize>
<ownDataTypeParameters>10 CHAR,,</ownDataTypeParameters>
</Attribute>
<Attribute name="nk_end" id="CE9DE7FC-D7DC-E3C3-AACC-E908B2D1FDBA">
<createdBy>Mac</createdBy>
<createdTime>2016-05-06 05:12:36 UTC</createdTime>
<comment>Codigo do endereco.</comment>
<ownerDesignName>Modelo Dimensional</ownerDesignName>
<engineerTo>
<item key="99A134BC-1461-6F50-4DA7-1CC5F7D96C0E" value="true"/>
</engineerTo>
<useDomainConstraints>false</useDomainConstraints>
<use>1</use>
<logicalDatatype>LOGDT011</logicalDatatype>
<ownDataTypeParameters>,,</ownDataTypeParameters>
</Attribute>
</attributes>
<identifiers itemClass="oracle.dbtools.crest.model.design.logical.CandidateKey">
<identifier id="1CBB33C0-21CF-64A5-0EAC-134DA1C994DB" name="DIM_LOJA PK">
<createdBy>Mac</createdBy>
<createdTime>2016-05-06 05:10:10 UTC</createdTime>
<ownerDesignName>Modelo Dimensional</ownerDesignName>
<engineerTo>
<item key="99A134BC-1461-6F50-4DA7-1CC5F7D96C0E" value="true"/>
</engineerTo>
<pk>true</pk>
<usedAttributes>
<attributeRef>D7ED7564-E8C4-B6D8-BC6A-16F62C3D1B10</attributeRef>
</usedAttributes>
</identifier>
</identifiers>
</Entity>