<?xml version = '1.0' encoding = 'UTF-8'?>
<Entity class="oracle.dbtools.crest.model.design.logical.Entity" directorySegmentName="seg_0" id="BAA0DDB1-2B25-EFFB-16A7-ED2282966307" name="DIM_CLIENTE">
<createdBy>rm74295</createdBy>
<createdTime>2016-05-10 14:09:56 UTC</createdTime>
<ownerDesignName>Modelo Dimensional</ownerDesignName>
<engineerTo>
<item key="99A134BC-1461-6F50-4DA7-1CC5F7D96C0E" value="true"/>
</engineerTo>
<adequatelyNormalized>NO</adequatelyNormalized>
<expectedVolumes>0</expectedVolumes>
<fwdEngineeringStrategyName>Single Table</fwdEngineeringStrategyName>
<growthPercent>0</growthPercent>
<growthType>Year</growthType>
<maxVolumes>9999999</maxVolumes>
<minVolumes>0</minVolumes>
<normalForm>Third</normalForm>
<attributes itemClass="oracle.dbtools.crest.model.design.logical.Attribute">
<Attribute name="sk_cliente" id="5005A946-3BC8-6C5C-5C8A-5E10A2D69B00">
<createdBy>rm74295</createdBy>
<createdTime>2016-05-10 14:10:01 UTC</createdTime>
<comment>SK cliente</comment>
<ownerDesignName>Modelo Dimensional</ownerDesignName>
<engineerTo>
<item key="99A134BC-1461-6F50-4DA7-1CC5F7D96C0E" value="true"/>
</engineerTo>
<useDomainConstraints>false</useDomainConstraints>
<use>1</use>
<logicalDatatype>LOGDT011</logicalDatatype>
<ownDataTypeParameters>,,</ownDataTypeParameters>
</Attribute>
<Attribute name="nk_cliente" id="6BE5DFCB-E66C-5FEC-29D4-E9A69FB60D3C">
<createdBy>rm74295</createdBy>
<createdTime>2016-05-10 14:10:24 UTC</createdTime>
<comment>chave natural do cliente</comment>
<ownerDesignName>Modelo Dimensional</ownerDesignName>
<engineerTo>
<item key="99A134BC-1461-6F50-4DA7-1CC5F7D96C0E" value="true"/>
</engineerTo>
<useDomainConstraints>false</useDomainConstraints>
<use>1</use>
<logicalDatatype>LOGDT011</logicalDatatype>
<ownDataTypeParameters>,,</ownDataTypeParameters>
</Attribute>
<Attribute name="nm_cliente" id="DBB7E73B-8D7F-87C7-9964-53EB1A89384B">
<createdBy>rm74295</createdBy>
<createdTime>2016-05-10 14:10:49 UTC</createdTime>
<comment>nome do cliente</comment>
<ownerDesignName>Modelo Dimensional</ownerDesignName>
<engineerTo>
<item key="99A134BC-1461-6F50-4DA7-1CC5F7D96C0E" value="true"/>
</engineerTo>
<useDomainConstraints>false</useDomainConstraints>
<use>1</use>
<logicalDatatype>LOGDT024</logicalDatatype>
<dataTypeSize>100</dataTypeSize>
<ownDataTypeParameters>100,,</ownDataTypeParameters>
</Attribute>
<Attribute name="ds_estado_civil" id="021CEB43-23A2-1A05-3792-71E2A5EC059E">
<createdBy>rm74295</createdBy>
<createdTime>2016-05-10 14:12:30 UTC</createdTime>
<comment>estado civil do cliente</comment>
<ownerDesignName>Modelo Dimensional</ownerDesignName>
<engineerTo>
<item key="99A134BC-1461-6F50-4DA7-1CC5F7D96C0E" value="true"/>
</engineerTo>
<use>0</use>
<logicalDatatype>LOGDT024</logicalDatatype>
<domain>D1875A7F-6E11-3124-3275-AF33A7C1F1CB</domain>
<ownDataTypeParameters>,,</ownDataTypeParameters>
</Attribute>
<Attribute name="dt_nasc_cliente" id="4A78A661-6F26-895C-2EE8-72E5AADD5893">
<createdBy>rm74295</createdBy>
<createdTime>2016-05-10 14:12:46 UTC</createdTime>
<comment>data de nascimento do cliente</comment>
<ownerDesignName>Modelo Dimensional</ownerDesignName>
<engineerTo>
<item key="99A134BC-1461-6F50-4DA7-1CC5F7D96C0E" value="true"/>
</engineerTo>
<useDomainConstraints>false</useDomainConstraints>
<use>1</use>
<logicalDatatype>LOGDT007</logicalDatatype>
<ownDataTypeParameters>,,</ownDataTypeParameters>
</Attribute>
<Attribute name="tp_transp_cliente" id="B215E9FB-96B3-46C7-F983-4F2D27F5DC84">
<createdBy>rm74295</createdBy>
<createdTime>2016-05-10 14:13:49 UTC</createdTime>
<comment>tipo de transporte do cliente</comment>
<ownerDesignName>Modelo Dimensional</ownerDesignName>
<engineerTo>
<item key="99A134BC-1461-6F50-4DA7-1CC5F7D96C0E" value="true"/>
</engineerTo>
<nullsAllowed>true</nullsAllowed>
<use>0</use>
<logicalDatatype>LOGDT024</logicalDatatype>
<domain>4E34BCC7-672B-2B76-2E3A-73A2DCF10E43</domain>
<ownDataTypeParameters>,,</ownDataTypeParameters>
</Attribute>
<Attribute name="ds_prof_cliente" id="2642D76E-8489-C4D7-026E-2071E551411E">
<createdBy>rm74295</createdBy>
<createdTime>2016-05-10 14:15:18 UTC</createdTime>
<comment>profissão do cliente</comment>
<ownerDesignName>Modelo Dimensional</ownerDesignName>
<engineerTo>
<item key="99A134BC-1461-6F50-4DA7-1CC5F7D96C0E" value="true"/>
</engineerTo>
<nullsAllowed>true</nullsAllowed>
<useDomainConstraints>false</useDomainConstraints>
<use>1</use>
<logicalDatatype>LOGDT024</logicalDatatype>
<dataTypeSize>30</dataTypeSize>
<ownDataTypeParameters>30,,</ownDataTypeParameters>
</Attribute>
<Attribute name="ds_sexo_cliente" id="78B5CCD7-E695-9C75-02AC-7187635A15F4">
<createdBy>rm74295</createdBy>
<createdTime>2016-05-10 14:16:48 UTC</createdTime>
<comment>sexo do cliente</comment>
<ownerDesignName>Modelo Dimensional</ownerDesignName>
<engineerTo>
<item key="99A134BC-1461-6F50-4DA7-1CC5F7D96C0E" value="true"/>
</engineerTo>
<use>0</use>
<logicalDatatype>LOGDT025</logicalDatatype>
<domain>393B8EE7-74E1-7D41-6480-C0222E3DA549</domain>
<ownDataTypeParameters>,,</ownDataTypeParameters>
</Attribute>
</attributes>
<identifiers itemClass="oracle.dbtools.crest.model.design.logical.CandidateKey">
<identifier id="410D99F3-83C9-4E2A-7FE2-DE5463536B18" name="CLIENTE PK">
<createdBy>rm74295</createdBy>
<createdTime>2016-05-10 14:10:21 UTC</createdTime>
<ownerDesignName>Modelo Dimensional</ownerDesignName>
<engineerTo>
<item key="99A134BC-1461-6F50-4DA7-1CC5F7D96C0E" value="true"/>
</engineerTo>
<pk>true</pk>
<usedAttributes>
<attributeRef>5005A946-3BC8-6C5C-5C8A-5E10A2D69B00</attributeRef>
</usedAttributes>
</identifier>
</identifiers>
</Entity>