<?xml version = '1.0' encoding = 'UTF-8'?>
<Diagram class="oracle.dbtools.crest.swingui.relational.DPVRelational" name="Relational_1" id="D42016C9-9B17-8AC1-0A5E-6E08EE312E59">
<createdBy>rm74295</createdBy>
<modifiedBy>rm74295</modifiedBy>
<createdTime>2016-05-03 13:37:44 UTC</createdTime>
<autoRoute>false</autoRoute>
<boxInbox>true</boxInbox>
<showLegend>false</showLegend>
<showLabels>false</showLabels>
<showRelAttributes>false</showRelAttributes>
<gridEnabled>false</gridEnabled>
<showGrid>false</showGrid>
<diagramColor>-1</diagramColor>
<display>false</display>
<notation>1</notation>
<objectViews>
<OView class="oracle.dbtools.crest.swingui.relational.TVTable" oid="0A2A08DA-68B8-93FB-9CE8-7EC0F4765F6F" otype="Table" vid="E354CB2B-EAA6-4CFF-143C-0FCD61D1415D">
<hideElementsInCurrentOnly>false</hideElementsInCurrentOnly>
<bounds x="577" y="0" width="251" height="182"/>
</OView>
<OView class="oracle.dbtools.crest.swingui.relational.TVTable" oid="0C40F06D-422A-A599-814F-5C4E235E9844" otype="Table" vid="E7D1E9A1-6785-A414-97DB-92504FA858E4">
<hideElementsInCurrentOnly>false</hideElementsInCurrentOnly>
<bounds x="875" y="751" width="245" height="171"/>
</OView>
<OView class="oracle.dbtools.crest.swingui.relational.TVTable" oid="1A9D64D4-8E7B-46F8-C445-76E95A319E36" otype="Table" vid="34E7F42D-AF46-2A3E-1BAF-D249D809357A">
<hideElementsInCurrentOnly>false</hideElementsInCurrentOnly>
<bounds x="924" y="108" width="257" height="151"/>
</OView>
<OView class="oracle.dbtools.crest.swingui.relational.TVTable" oid="39833BE3-A69D-5EB0-CA0A-EC9B19ECAD8B" otype="Table" vid="F5323C96-753D-0E4F-EE30-11C00CC2EF15">
<hideElementsInCurrentOnly>false</hideElementsInCurrentOnly>
<bounds x="633" y="792" width="223" height="162"/>
</OView>
<OView class="oracle.dbtools.crest.swingui.relational.TVTable" oid="53384D17-68C2-1311-9A80-4414C1D38C30" otype="Table" vid="BDAC3FF3-D2E8-FBC8-08C9-CDFCB38EA1BD">
<hideElementsInCurrentOnly>false</hideElementsInCurrentOnly>
<bounds x="376" y="269" width="411" height="454"/>
</OView>
<OView class="oracle.dbtools.crest.swingui.relational.TVTable" oid="5BD46578-662D-A399-FDBC-ADC9C319ADF0" otype="Table" vid="D93D3A0F-30F3-5097-6F82-C7BABD507CA0">
<hideElementsInCurrentOnly>false</hideElementsInCurrentOnly>
<bounds x="0" y="771" width="267" height="118"/>
</OView>
<OView class="oracle.dbtools.crest.swingui.relational.TVTable" oid="5FFA0332-7BB2-3060-B111-E59D9AE9EDC3" otype="Table" vid="2EEC4011-67F0-7888-0D76-755FC59250BF">
<hideElementsInCurrentOnly>false</hideElementsInCurrentOnly>
<bounds x="0" y="0" width="268" height="538"/>
</OView>
<OView class="oracle.dbtools.crest.swingui.relational.TVTable" oid="60CAAD1B-7184-0582-F3FB-8E912B428112" otype="Table" vid="9AA9319F-5D10-5874-3A40-89A77C13566E">
<hideElementsInCurrentOnly>false</hideElementsInCurrentOnly>
<bounds x="399" y="848" width="202" height="105"/>
</OView>
<OView class="oracle.dbtools.crest.swingui.relational.TVTable" oid="6B6C89BD-E411-8660-B724-8F4C2F55FCE5" otype="Table" vid="8E62DCD5-4476-C3D0-5A77-69F3F1E43693">
<hideElementsInCurrentOnly>false</hideElementsInCurrentOnly>
<bounds x="2" y="557" width="265" height="178"/>
</OView>
<OView class="oracle.dbtools.crest.swingui.relational.TVTable" oid="8599C136-A046-69E8-34F2-55BB549DFF9D" otype="Table" vid="0C5F69C5-F923-4D47-0A86-C960113CC4F8">
<hideElementsInCurrentOnly>false</hideElementsInCurrentOnly>
<bounds x="924" y="281" width="273" height="202"/>
</OView>
<OView class="oracle.dbtools.crest.swingui.relational.TVTable" oid="910D4851-CC42-5802-89EA-AB1B90870E5E" otype="Table" vid="DEB4E0F5-A846-5DC8-3EC3-A6F24AF2ED22">
<hideElementsInCurrentOnly>false</hideElementsInCurrentOnly>
<bounds x="281" y="0" width="279" height="182"/>
</OView>
<OView class="oracle.dbtools.crest.swingui.relational.TVTable" oid="E7DBC337-9FFA-90B0-590F-4C6D9219590D" otype="Table" vid="CFA49E6F-0021-67B2-5814-318F342C6CA1">
<hideElementsInCurrentOnly>false</hideElementsInCurrentOnly>
<bounds x="922" y="505" width="280" height="144"/>
</OView>
</objectViews>
<connectors>
<Connector class="oracle.dbtools.crest.swingui.relational.TVFKRelation" oid="05CA33F6-7E9C-7062-A0B2-284B225426BE" otype="FKIndexAssociation" vid_source="DEB4E0F5-A846-5DC8-3EC3-A6F24AF2ED22" vid_target="BDAC3FF3-D2E8-FBC8-08C9-CDFCB38EA1BD">
<hideElementsInCurrentOnly>false</hideElementsInCurrentOnly>
<lineWidth>1</lineWidth>
<points>
<point x="458" y="182"/>
<point x="458" y="269"/>
</points>
</Connector>
<Connector class="oracle.dbtools.crest.swingui.relational.TVFKRelation" oid="2001E6BC-D0C3-B30B-4C80-E728906BA59E" otype="FKIndexAssociation" vid_source="D93D3A0F-30F3-5097-6F82-C7BABD507CA0" vid_target="BDAC3FF3-D2E8-FBC8-08C9-CDFCB38EA1BD">
<hideElementsInCurrentOnly>false</hideElementsInCurrentOnly>
<lineWidth>1</lineWidth>
<points>
<point x="267" y="828"/>
<point x="415" y="828"/>
<point x="415" y="723"/>
</points>
</Connector>
<Connector class="oracle.dbtools.crest.swingui.relational.TVFKRelation" oid="2C7CB839-AE50-A136-4930-E37F860766DD" otype="FKIndexAssociation" vid_source="34E7F42D-AF46-2A3E-1BAF-D249D809357A" vid_target="BDAC3FF3-D2E8-FBC8-08C9-CDFCB38EA1BD">
<hideElementsInCurrentOnly>false</hideElementsInCurrentOnly>
<lineWidth>1</lineWidth>
<points>
<point x="924" y="200"/>
<point x="755" y="200"/>
<point x="755" y="269"/>
</points>
</Connector>
<Connector class="oracle.dbtools.crest.swingui.relational.TVFKRelation" oid="497C1A18-174A-96DA-17BC-8DC0E57BA083" otype="FKIndexAssociation" vid_source="F5323C96-753D-0E4F-EE30-11C00CC2EF15" vid_target="BDAC3FF3-D2E8-FBC8-08C9-CDFCB38EA1BD">
<hideElementsInCurrentOnly>false</hideElementsInCurrentOnly>
<lineWidth>1</lineWidth>
<points>
<point x="710" y="792"/>
<point x="710" y="723"/>
</points>
</Connector>
<Connector class="oracle.dbtools.crest.swingui.relational.TVFKRelation" oid="6D6F799C-07BA-9925-7684-28012883512B" otype="FKIndexAssociation" vid_source="0C5F69C5-F923-4D47-0A86-C960113CC4F8" vid_target="BDAC3FF3-D2E8-FBC8-08C9-CDFCB38EA1BD">
<hideElementsInCurrentOnly>false</hideElementsInCurrentOnly>
<lineWidth>1</lineWidth>
<points>
<point x="924" y="382"/>
<point x="787" y="382"/>
</points>
</Connector>
<Connector class="oracle.dbtools.crest.swingui.relational.TVFKRelation" oid="8B0F400F-2B86-07CB-AC39-F9AB8B160655" otype="FKIndexAssociation" vid_source="2EEC4011-67F0-7888-0D76-755FC59250BF" vid_target="BDAC3FF3-D2E8-FBC8-08C9-CDFCB38EA1BD">
<hideElementsInCurrentOnly>false</hideElementsInCurrentOnly>
<lineWidth>1</lineWidth>
<points>
<point x="268" y="403"/>
<point x="376" y="403"/>
</points>
</Connector>
<Connector class="oracle.dbtools.crest.swingui.relational.TVFKRelation" oid="BF747121-6E9F-EBAE-3420-D5EF70CF58F4" otype="FKIndexAssociation" vid_source="9AA9319F-5D10-5874-3A40-89A77C13566E" vid_target="BDAC3FF3-D2E8-FBC8-08C9-CDFCB38EA1BD">
<hideElementsInCurrentOnly>false</hideElementsInCurrentOnly>
<lineWidth>1</lineWidth>
<points>
<point x="500" y="848"/>
<point x="500" y="723"/>
</points>
</Connector>
<Connector class="oracle.dbtools.crest.swingui.relational.TVFKRelation" oid="CC772A66-F334-C253-F6FC-1C943DBB9E64" otype="FKIndexAssociation" vid_source="E7D1E9A1-6785-A414-97DB-92504FA858E4" vid_target="BDAC3FF3-D2E8-FBC8-08C9-CDFCB38EA1BD">
<hideElementsInCurrentOnly>false</hideElementsInCurrentOnly>
<lineWidth>1</lineWidth>
<points>
<point x="934" y="751"/>
<point x="934" y="700"/>
<point x="787" y="700"/>
</points>
</Connector>
<Connector class="oracle.dbtools.crest.swingui.relational.TVFKRelation" oid="CEE18C5D-39AB-39E1-0CA8-D9FF0DAE0C66" otype="FKIndexAssociation" vid_source="CFA49E6F-0021-67B2-5814-318F342C6CA1" vid_target="BDAC3FF3-D2E8-FBC8-08C9-CDFCB38EA1BD">
<hideElementsInCurrentOnly>false</hideElementsInCurrentOnly>
<lineWidth>1</lineWidth>
<points>
<point x="922" y="577"/>
<point x="787" y="577"/>
</points>
</Connector>
<Connector class="oracle.dbtools.crest.swingui.relational.TVFKRelation" oid="DDC4C90E-B734-DD5A-3DF2-F2C118748863" otype="FKIndexAssociation" vid_source="8E62DCD5-4476-C3D0-5A77-69F3F1E43693" vid_target="BDAC3FF3-D2E8-FBC8-08C9-CDFCB38EA1BD">
<hideElementsInCurrentOnly>false</hideElementsInCurrentOnly>
<lineWidth>1</lineWidth>
<points>
<point x="267" y="640"/>
<point x="376" y="640"/>
</points>
</Connector>
<Connector class="oracle.dbtools.crest.swingui.relational.TVFKRelation" oid="DEE69B6F-2E25-813F-74D7-4EC382EF95CB" otype="FKIndexAssociation" vid_source="E354CB2B-EAA6-4CFF-143C-0FCD61D1415D" vid_target="BDAC3FF3-D2E8-FBC8-08C9-CDFCB38EA1BD">
<hideElementsInCurrentOnly>false</hideElementsInCurrentOnly>
<lineWidth>1</lineWidth>
<points>
<point x="682" y="182"/>
<point x="682" y="269"/>
</points>
</Connector>
</connectors>
</Diagram>