<?xml version = '1.0' encoding = 'UTF-8'?>
<MultidimensionalDesign class="oracle.dbtools.crest.model.design.multidimensional.MultidimensionalDesign" name="Multidimensional_1" id="05E30FE6-B778-5B26-122F-3C3EB54789C2" mainViewID="07B34FDE-16AD-F4C5-7535-62B46DC54D2A" boundModel="17813269-F885-F13D-0AD3-C18550ACFE7E">
<createdBy>rm74295</createdBy>
<createdTime>2016-05-03 13:14:52 UTC</createdTime>
<ownerDesignName>Modelo Dimensional</ownerDesignName>
<shouldBeOpen>true</shouldBeOpen>
</MultidimensionalDesign>