<?xml version = '1.0' encoding = 'UTF-8'?>
<Relation class="oracle.dbtools.crest.model.design.logical.Relation" name="FK_PAG_VND" directorySegmentName="seg_0" id="0C1FA1A8-22E5-A26C-6E42-05A831BE32CD">
<createdBy>rm74295</createdBy>
<createdTime>2016-05-10 14:04:21 UTC</createdTime>
<ownerDesignName>Modelo Dimensional</ownerDesignName>
<engineerTo>
<item key="99A134BC-1461-6F50-4DA7-1CC5F7D96C0E" value="true"/>
</engineerTo>
<sourcePk>9D65F055-DD0C-F6A6-1CA3-201B9379B8A0</sourcePk>
<identifying>true</identifying>
<nameOnSource>foi feito</nameOnSource>
<nameOnTarget>recebeu</nameOnTarget>
<optionalSource>false</optionalSource>
<optionalTarget>false</optionalTarget>
<sourceCardinality>1</sourceCardinality>
<sourceEntity>6D1B9952-7BD8-1532-A503-A4DE53F03959</sourceEntity>
<targetCardinalityString>*</targetCardinalityString>
<targetEntity>7A7A945F-B855-F4FA-84E9-96AFAA0831FE</targetEntity>
<transferable>true</transferable>
<deleteRule>NO ACTION</deleteRule>
</Relation>