<?xml version = '1.0' encoding = 'UTF-8'?>
<Relation class="oracle.dbtools.crest.model.design.logical.Relation" name="FK_TMP_VND" directorySegmentName="seg_0" id="2BB1A13F-2796-CF1D-EE6D-E46319740BC2">
<createdBy>rm74295</createdBy>
<createdTime>2016-05-10 14:06:10 UTC</createdTime>
<ownerDesignName>Modelo Dimensional</ownerDesignName>
<engineerTo>
<item key="99A134BC-1461-6F50-4DA7-1CC5F7D96C0E" value="true"/>
</engineerTo>
<sourcePk>476CF29C-7B9D-FD69-BFFD-9FFB61C46771</sourcePk>
<identifying>true</identifying>
<nameOnSource>ocorreu</nameOnSource>
<nameOnTarget>foi realizada</nameOnTarget>
<optionalSource>false</optionalSource>
<optionalTarget>false</optionalTarget>
<sourceCardinality>1</sourceCardinality>
<sourceEntity>194D0FB6-D600-1854-87F6-E85A31709B50</sourceEntity>
<targetCardinalityString>*</targetCardinalityString>
<targetEntity>7A7A945F-B855-F4FA-84E9-96AFAA0831FE</targetEntity>
<transferable>true</transferable>
<deleteRule>NO ACTION</deleteRule>
</Relation>