<?xml version = '1.0' encoding = 'UTF-8'?>
<Relation class="oracle.dbtools.crest.model.design.logical.Relation" name="FK_CVJ_VND" directorySegmentName="seg_0" id="2F1CD4D3-491B-96BA-DCEF-2F6DBF9BDEDB">
<createdBy>rm75001</createdBy>
<createdTime>2016-05-16 14:25:32 UTC</createdTime>
<ownerDesignName>Modelo Dimensional</ownerDesignName>
<engineerTo>
<item key="99A134BC-1461-6F50-4DA7-1CC5F7D96C0E" value="true"/>
</engineerTo>
<sourcePk>AC0DB48E-F739-00F5-AB06-C872B683C880</sourcePk>
<identifying>true</identifying>
<nameOnSource>pertence</nameOnSource>
<nameOnTarget>recebeu</nameOnTarget>
<optionalSource>false</optionalSource>
<optionalTarget>false</optionalTarget>
<sourceCardinality>1</sourceCardinality>
<sourceEntity>9FA695E2-C44B-DD97-758F-D74AAFDECF61</sourceEntity>
<targetCardinalityString>*</targetCardinalityString>
<targetEntity>7A7A945F-B855-F4FA-84E9-96AFAA0831FE</targetEntity>
<transferable>true</transferable>
<deleteRule>NO ACTION</deleteRule>
</Relation>