<?xml version = '1.0' encoding = 'UTF-8'?>
<Relation class="oracle.dbtools.crest.model.design.logical.Relation" name="FK_PRD_VND" directorySegmentName="seg_0" id="56767343-ECF4-9BAB-5E16-FD0ADEA8D281">
<createdBy>rm74295</createdBy>
<createdTime>2016-05-10 14:00:21 UTC</createdTime>
<ownerDesignName>Modelo Dimensional</ownerDesignName>
<engineerTo>
<item key="99A134BC-1461-6F50-4DA7-1CC5F7D96C0E" value="true"/>
</engineerTo>
<sourcePk>E20735CE-E1B0-EB60-D8DB-6C5ECE046C1F</sourcePk>
<identifying>true</identifying>
<nameOnSource>pertence</nameOnSource>
<nameOnTarget>possui</nameOnTarget>
<optionalSource>false</optionalSource>
<optionalTarget>false</optionalTarget>
<sourceCardinality>1</sourceCardinality>
<sourceEntity>66A11010-71D2-74E5-68DE-4BB938CD2635</sourceEntity>
<targetCardinalityString>*</targetCardinalityString>
<targetEntity>7A7A945F-B855-F4FA-84E9-96AFAA0831FE</targetEntity>
<transferable>true</transferable>
<deleteRule>NO ACTION</deleteRule>
</Relation>