<?xml version = '1.0' encoding = 'UTF-8'?>
<Relation class="oracle.dbtools.crest.model.design.logical.Relation" name="FK_DT_VND" directorySegmentName="seg_0" id="6FBDC590-0E9F-4A0F-13DB-4DA1F1B354F5">
<createdBy>rm74295</createdBy>
<createdTime>2016-05-10 13:39:44 UTC</createdTime>
<ownerDesignName>Modelo Dimensional</ownerDesignName>
<engineerTo>
<item key="99A134BC-1461-6F50-4DA7-1CC5F7D96C0E" value="true"/>
</engineerTo>
<sourcePk>85804BC2-220E-5F02-34FD-58B13419F7A5</sourcePk>
<identifying>true</identifying>
<nameOnSource>refere-se</nameOnSource>
<nameOnTarget>ocorreu</nameOnTarget>
<optionalSource>false</optionalSource>
<optionalTarget>false</optionalTarget>
<sourceCardinality>1</sourceCardinality>
<sourceEntity>F82C5258-B25A-608A-2587-2B5FA8A617F9</sourceEntity>
<targetCardinalityString>*</targetCardinalityString>
<targetEntity>7A7A945F-B855-F4FA-84E9-96AFAA0831FE</targetEntity>
<transferable>true</transferable>
<deleteRule>NO ACTION</deleteRule>
</Relation>