<?xml version = '1.0' encoding = 'UTF-8'?>
<Relation class="oracle.dbtools.crest.model.design.logical.Relation" name="FK_PRO_VND" directorySegmentName="seg_0" id="82E6B330-7FC9-229F-5D3E-21E6B12B9910">
<createdBy>rm74295</createdBy>
<createdTime>2016-05-10 14:02:17 UTC</createdTime>
<ownerDesignName>Modelo Dimensional</ownerDesignName>
<engineerTo>
<item key="99A134BC-1461-6F50-4DA7-1CC5F7D96C0E" value="true"/>
</engineerTo>
<sourcePk>9956224A-66DE-6445-77B6-B2BA54CEE537</sourcePk>
<identifying>true</identifying>
<nameOnSource>foi concedida</nameOnSource>
<nameOnTarget>recebeu</nameOnTarget>
<optionalSource>false</optionalSource>
<optionalTarget>false</optionalTarget>
<sourceCardinality>1</sourceCardinality>
<sourceEntity>1EC81C6A-244C-758C-F69F-97AEFAC5D856</sourceEntity>
<targetCardinalityString>*</targetCardinalityString>
<targetEntity>7A7A945F-B855-F4FA-84E9-96AFAA0831FE</targetEntity>
<transferable>true</transferable>
<deleteRule>NO ACTION</deleteRule>
</Relation>