<?xml version = '1.0' encoding = 'UTF-8'?>
<Relation class="oracle.dbtools.crest.model.design.logical.Relation" name="FK_FNC_VND" directorySegmentName="seg_0" id="B795D815-0BBF-E22E-0C7D-403A567940B7">
<createdBy>rm74295</createdBy>
<createdTime>2016-05-10 13:59:18 UTC</createdTime>
<ownerDesignName>Modelo Dimensional</ownerDesignName>
<engineerTo>
<item key="99A134BC-1461-6F50-4DA7-1CC5F7D96C0E" value="true"/>
</engineerTo>
<sourcePk>31CD4991-00FB-8F09-D516-85FD2A0557D1</sourcePk>
<identifying>true</identifying>
<nameOnSource>realizou</nameOnSource>
<nameOnTarget>foi feita por</nameOnTarget>
<optionalSource>false</optionalSource>
<optionalTarget>false</optionalTarget>
<sourceCardinality>1</sourceCardinality>
<sourceEntity>44B32B5E-E75B-524F-E626-599C1822043C</sourceEntity>
<targetCardinalityString>*</targetCardinalityString>
<targetEntity>7A7A945F-B855-F4FA-84E9-96AFAA0831FE</targetEntity>
<transferable>true</transferable>
<deleteRule>NO ACTION</deleteRule>
</Relation>