<?xml version = '1.0' encoding = 'UTF-8'?>
<Relation class="oracle.dbtools.crest.model.design.logical.Relation" name="FK_LJ_VND" directorySegmentName="seg_0" id="BA500C7F-1FFF-EA09-E340-98DEECF16C2F">
<createdBy>rm74295</createdBy>
<createdTime>2016-05-10 14:03:00 UTC</createdTime>
<ownerDesignName>Modelo Dimensional</ownerDesignName>
<engineerTo>
<item key="99A134BC-1461-6F50-4DA7-1CC5F7D96C0E" value="true"/>
</engineerTo>
<sourcePk>1CBB33C0-21CF-64A5-0EAC-134DA1C994DB</sourcePk>
<identifying>true</identifying>
<nameOnSource>realizou</nameOnSource>
<nameOnTarget>foi realizada</nameOnTarget>
<optionalSource>false</optionalSource>
<optionalTarget>false</optionalTarget>
<sourceCardinality>1</sourceCardinality>
<sourceEntity>8F30A779-B397-4828-565B-D4C3C3E877B9</sourceEntity>
<targetCardinalityString>*</targetCardinalityString>
<targetEntity>7A7A945F-B855-F4FA-84E9-96AFAA0831FE</targetEntity>
<transferable>true</transferable>
<deleteRule>NO ACTION</deleteRule>
</Relation>