<?xml version = '1.0' encoding = 'UTF-8'?>
<Relation class="oracle.dbtools.crest.model.design.logical.Relation" name="FK_CLM_VND" directorySegmentName="seg_0" id="C15092FB-4818-AB4B-526B-87BE3E1A8D82">
<createdBy>rm74295</createdBy>
<createdTime>2016-05-10 14:04:58 UTC</createdTime>
<ownerDesignName>Modelo Dimensional</ownerDesignName>
<engineerTo>
<item key="99A134BC-1461-6F50-4DA7-1CC5F7D96C0E" value="true"/>
</engineerTo>
<sourcePk>EA5FC606-6485-716A-B715-DEEDCD2A3709</sourcePk>
<identifying>true</identifying>
<nameOnSource>estava</nameOnSource>
<nameOnTarget>foi realizada em</nameOnTarget>
<optionalSource>false</optionalSource>
<optionalTarget>false</optionalTarget>
<sourceCardinality>1</sourceCardinality>
<sourceEntity>2D4B74E3-88F3-AAE8-499B-C8179D37A4C9</sourceEntity>
<targetCardinalityString>*</targetCardinalityString>
<targetEntity>7A7A945F-B855-F4FA-84E9-96AFAA0831FE</targetEntity>
<transferable>true</transferable>
<deleteRule>NO ACTION</deleteRule>
</Relation>