<?xml version = '1.0' encoding = 'UTF-8'?>
<Relation class="oracle.dbtools.crest.model.design.logical.Relation" name="FK_CLI_VND" directorySegmentName="seg_0" id="DCB5686C-A469-102F-B88B-B822149E5645">
<createdBy>rm74295</createdBy>
<createdTime>2016-05-10 14:20:07 UTC</createdTime>
<ownerDesignName>Modelo Dimensional</ownerDesignName>
<engineerTo>
<item key="99A134BC-1461-6F50-4DA7-1CC5F7D96C0E" value="true"/>
</engineerTo>
<sourcePk>410D99F3-83C9-4E2A-7FE2-DE5463536B18</sourcePk>
<identifying>true</identifying>
<nameOnSource>possui</nameOnSource>
<nameOnTarget>pertence</nameOnTarget>
<optionalSource>false</optionalSource>
<optionalTarget>false</optionalTarget>
<sourceCardinality>1</sourceCardinality>
<sourceEntity>BAA0DDB1-2B25-EFFB-16A7-ED2282966307</sourceEntity>
<targetCardinalityString>*</targetCardinalityString>
<targetEntity>7A7A945F-B855-F4FA-84E9-96AFAA0831FE</targetEntity>
<transferable>true</transferable>
<deleteRule>NO ACTION</deleteRule>
</Relation>