<?xml version = '1.0' encoding = 'UTF-8'?>
<FKIndexAssociation class="oracle.dbtools.crest.model.design.relational.FKIndexAssociation" directorySegmentName="seg_0" id="05CA33F6-7E9C-7062-A0B2-284B225426BE" containerWithKeyObject="53384D17-68C2-1311-9A80-4414C1D38C30" localFKIndex="E87B82B2-0657-D34A-31AC-2CD5F5418196" name="FAT_VENDA_DIM_FUNCIONARIO_FK">
<createdBy>rm74295</createdBy>
<createdTime>2016-05-20 13:38:15 UTC</createdTime>
<generatorID>B795D815-0BBF-E22E-0C7D-403A567940B7</generatorID>
<ownerDesignName>Modelo Dimensional</ownerDesignName>
<deleteRule>NO ACTION</deleteRule>
<referredTableID>910D4851-CC42-5802-89EA-AB1B90870E5E</referredTableID>
<keyObject>8A6BEE91-2C8A-27DF-5506-737A12238A7D</keyObject>
<referredKeyID>8A6BEE91-2C8A-27DF-5506-737A12238A7D</referredKeyID>
<mandatory>true</mandatory>
<transferable>true</transferable>
<rely>false</rely>
<columnDependencyConstraintGenerateInDDL>true</columnDependencyConstraintGenerateInDDL>
</FKIndexAssociation>