<?xml version = '1.0' encoding = 'UTF-8'?>
<FKIndexAssociation class="oracle.dbtools.crest.model.design.relational.FKIndexAssociation" directorySegmentName="seg_0" id="2001E6BC-D0C3-B30B-4C80-E728906BA59E" containerWithKeyObject="53384D17-68C2-1311-9A80-4414C1D38C30" localFKIndex="02F8894A-70AE-E047-F97F-0FAF96EC1F32" name="FAT_VENDA_FAIXA_ETARIA_FK">
<createdBy>rm74295</createdBy>
<createdTime>2016-05-20 13:38:15 UTC</createdTime>
<generatorID>7711A7E4-662E-CDD4-0AC5-1441C04A20E8</generatorID>
<ownerDesignName>Modelo Dimensional</ownerDesignName>
<deleteRule>NO ACTION</deleteRule>
<referredTableID>5BD46578-662D-A399-FDBC-ADC9C319ADF0</referredTableID>
<keyObject>7B6765F5-EE76-F7E5-70D5-BDC9D7B6BE50</keyObject>
<referredKeyID>7B6765F5-EE76-F7E5-70D5-BDC9D7B6BE50</referredKeyID>
<mandatory>true</mandatory>
<transferable>true</transferable>
<rely>false</rely>
<columnDependencyConstraintGenerateInDDL>true</columnDependencyConstraintGenerateInDDL>
</FKIndexAssociation>