<?xml version = '1.0' encoding = 'UTF-8'?>
<FKIndexAssociation class="oracle.dbtools.crest.model.design.relational.FKIndexAssociation" directorySegmentName="seg_0" id="2C7CB839-AE50-A136-4930-E37F860766DD" containerWithKeyObject="53384D17-68C2-1311-9A80-4414C1D38C30" localFKIndex="50742D36-95BE-81A7-D3A4-34869D5AC1F4" name="FAT_VENDA_DIM_CERVEJA_FK">
<createdBy>rm74295</createdBy>
<createdTime>2016-05-20 13:38:15 UTC</createdTime>
<generatorID>2F1CD4D3-491B-96BA-DCEF-2F6DBF9BDEDB</generatorID>
<ownerDesignName>Modelo Dimensional</ownerDesignName>
<deleteRule>NO ACTION</deleteRule>
<referredTableID>1A9D64D4-8E7B-46F8-C445-76E95A319E36</referredTableID>
<keyObject>2CDE6BC7-D192-7C5B-0317-D206C527B14D</keyObject>
<referredKeyID>2CDE6BC7-D192-7C5B-0317-D206C527B14D</referredKeyID>
<mandatory>true</mandatory>
<transferable>true</transferable>
<rely>false</rely>
<columnDependencyConstraintGenerateInDDL>true</columnDependencyConstraintGenerateInDDL>
</FKIndexAssociation>