<?xml version = '1.0' encoding = 'UTF-8'?>
<FKIndexAssociation class="oracle.dbtools.crest.model.design.relational.FKIndexAssociation" directorySegmentName="seg_0" id="497C1A18-174A-96DA-17BC-8DC0E57BA083" containerWithKeyObject="53384D17-68C2-1311-9A80-4414C1D38C30" localFKIndex="0A6C8757-ABBE-9757-0461-969F8660BF99" name="FAT_VENDA_DIM_CLIMA_FK">
<createdBy>rm74295</createdBy>
<createdTime>2016-05-20 13:38:15 UTC</createdTime>
<generatorID>C15092FB-4818-AB4B-526B-87BE3E1A8D82</generatorID>
<ownerDesignName>Modelo Dimensional</ownerDesignName>
<deleteRule>NO ACTION</deleteRule>
<referredTableID>39833BE3-A69D-5EB0-CA0A-EC9B19ECAD8B</referredTableID>
<keyObject>0A09C7BC-F6B8-EEC5-4CAB-3F8DF149127C</keyObject>
<referredKeyID>0A09C7BC-F6B8-EEC5-4CAB-3F8DF149127C</referredKeyID>
<mandatory>true</mandatory>
<transferable>true</transferable>
<rely>false</rely>
<columnDependencyConstraintGenerateInDDL>true</columnDependencyConstraintGenerateInDDL>
</FKIndexAssociation>