<?xml version = '1.0' encoding = 'UTF-8'?>
<FKIndexAssociation class="oracle.dbtools.crest.model.design.relational.FKIndexAssociation" directorySegmentName="seg_0" id="6D6F799C-07BA-9925-7684-28012883512B" containerWithKeyObject="53384D17-68C2-1311-9A80-4414C1D38C30" localFKIndex="328F266F-BE96-DE29-C389-E12DC7D28A1C" name="FAT_VENDA_DIM_PROMO_FK">
<createdBy>rm74295</createdBy>
<createdTime>2016-05-20 13:38:15 UTC</createdTime>
<generatorID>82E6B330-7FC9-229F-5D3E-21E6B12B9910</generatorID>
<ownerDesignName>Modelo Dimensional</ownerDesignName>
<deleteRule>NO ACTION</deleteRule>
<referredTableID>8599C136-A046-69E8-34F2-55BB549DFF9D</referredTableID>
<keyObject>EA4B2A15-4C03-E047-B4B8-4F16B6354A7D</keyObject>
<referredKeyID>EA4B2A15-4C03-E047-B4B8-4F16B6354A7D</referredKeyID>
<mandatory>true</mandatory>
<transferable>true</transferable>
<rely>false</rely>
<columnDependencyConstraintGenerateInDDL>true</columnDependencyConstraintGenerateInDDL>
</FKIndexAssociation>