<?xml version = '1.0' encoding = 'UTF-8'?>
<FKIndexAssociation class="oracle.dbtools.crest.model.design.relational.FKIndexAssociation" directorySegmentName="seg_0" id="8B0F400F-2B86-07CB-AC39-F9AB8B160655" containerWithKeyObject="53384D17-68C2-1311-9A80-4414C1D38C30" localFKIndex="76425A96-BFF7-AB55-59BD-9D39A686457F" name="FAT_VENDA_DIM_DATA_FK">
<createdBy>rm74295</createdBy>
<createdTime>2016-05-20 13:38:15 UTC</createdTime>
<generatorID>6FBDC590-0E9F-4A0F-13DB-4DA1F1B354F5</generatorID>
<ownerDesignName>Modelo Dimensional</ownerDesignName>
<deleteRule>NO ACTION</deleteRule>
<referredTableID>5FFA0332-7BB2-3060-B111-E59D9AE9EDC3</referredTableID>
<keyObject>67427A11-E26D-771B-6367-E037BBB65915</keyObject>
<referredKeyID>67427A11-E26D-771B-6367-E037BBB65915</referredKeyID>
<mandatory>true</mandatory>
<transferable>true</transferable>
<rely>false</rely>
<columnDependencyConstraintGenerateInDDL>true</columnDependencyConstraintGenerateInDDL>
</FKIndexAssociation>