<?xml version = '1.0' encoding = 'UTF-8'?>
<FKIndexAssociation class="oracle.dbtools.crest.model.design.relational.FKIndexAssociation" directorySegmentName="seg_0" id="BF747121-6E9F-EBAE-3420-D5EF70CF58F4" containerWithKeyObject="53384D17-68C2-1311-9A80-4414C1D38C30" localFKIndex="544557E0-8408-B710-2EE6-DE87FDB3B1E1" name="FAT_VENDA_DIM_TEMPO_FK">
<createdBy>rm74295</createdBy>
<createdTime>2016-05-20 13:38:15 UTC</createdTime>
<generatorID>2BB1A13F-2796-CF1D-EE6D-E46319740BC2</generatorID>
<ownerDesignName>Modelo Dimensional</ownerDesignName>
<deleteRule>NO ACTION</deleteRule>
<referredTableID>60CAAD1B-7184-0582-F3FB-8E912B428112</referredTableID>
<keyObject>F109866B-4CED-9A45-3CB4-02BD89BA83BC</keyObject>
<referredKeyID>F109866B-4CED-9A45-3CB4-02BD89BA83BC</referredKeyID>
<mandatory>true</mandatory>
<transferable>true</transferable>
<rely>false</rely>
<columnDependencyConstraintGenerateInDDL>true</columnDependencyConstraintGenerateInDDL>
</FKIndexAssociation>