<?xml version = '1.0' encoding = 'UTF-8'?>
<FKIndexAssociation class="oracle.dbtools.crest.model.design.relational.FKIndexAssociation" directorySegmentName="seg_0" id="CC772A66-F334-C253-F6FC-1C943DBB9E64" containerWithKeyObject="53384D17-68C2-1311-9A80-4414C1D38C30" localFKIndex="85CCC86F-064A-A2D6-8211-A129612D8C85" name="FAT_VENDA_DIM_PAGAMENTO_FK">
<createdBy>rm74295</createdBy>
<createdTime>2016-05-20 13:38:15 UTC</createdTime>
<generatorID>0C1FA1A8-22E5-A26C-6E42-05A831BE32CD</generatorID>
<ownerDesignName>Modelo Dimensional</ownerDesignName>
<deleteRule>NO ACTION</deleteRule>
<referredTableID>0C40F06D-422A-A599-814F-5C4E235E9844</referredTableID>
<keyObject>04BE7E49-F40E-677B-65D1-1CFC4FD448DB</keyObject>
<referredKeyID>04BE7E49-F40E-677B-65D1-1CFC4FD448DB</referredKeyID>
<mandatory>true</mandatory>
<transferable>true</transferable>
<rely>false</rely>
<columnDependencyConstraintGenerateInDDL>true</columnDependencyConstraintGenerateInDDL>
</FKIndexAssociation>