<?xml version = '1.0' encoding = 'UTF-8'?>
<FKIndexAssociation class="oracle.dbtools.crest.model.design.relational.FKIndexAssociation" directorySegmentName="seg_0" id="CEE18C5D-39AB-39E1-0CA8-D9FF0DAE0C66" containerWithKeyObject="53384D17-68C2-1311-9A80-4414C1D38C30" localFKIndex="E0306DF6-3B70-FCD1-778F-65DBCDDD136F" name="FAT_VENDA_DIM_LOJA_FK">
<createdBy>rm74295</createdBy>
<createdTime>2016-05-20 13:38:15 UTC</createdTime>
<generatorID>BA500C7F-1FFF-EA09-E340-98DEECF16C2F</generatorID>
<ownerDesignName>Modelo Dimensional</ownerDesignName>
<deleteRule>NO ACTION</deleteRule>
<referredTableID>E7DBC337-9FFA-90B0-590F-4C6D9219590D</referredTableID>
<keyObject>31CF48DA-7377-A3F8-83CE-823143755ACE</keyObject>
<referredKeyID>31CF48DA-7377-A3F8-83CE-823143755ACE</referredKeyID>
<mandatory>true</mandatory>
<transferable>true</transferable>
<rely>false</rely>
<columnDependencyConstraintGenerateInDDL>true</columnDependencyConstraintGenerateInDDL>
</FKIndexAssociation>