<?xml version = '1.0' encoding = 'UTF-8'?>
<FKIndexAssociation class="oracle.dbtools.crest.model.design.relational.FKIndexAssociation" directorySegmentName="seg_0" id="DDC4C90E-B734-DD5A-3DF2-F2C118748863" containerWithKeyObject="53384D17-68C2-1311-9A80-4414C1D38C30" localFKIndex="A55FBA4D-6A9A-BFFF-1202-98F27ECF6E7A" name="FAT_VENDA_CLIENTE_FK">
<createdBy>rm74295</createdBy>
<createdTime>2016-05-20 13:38:15 UTC</createdTime>
<generatorID>DCB5686C-A469-102F-B88B-B822149E5645</generatorID>
<ownerDesignName>Modelo Dimensional</ownerDesignName>
<deleteRule>NO ACTION</deleteRule>
<referredTableID>6B6C89BD-E411-8660-B724-8F4C2F55FCE5</referredTableID>
<keyObject>D28D88A6-6DF6-7832-220D-BEBEC3F428B3</keyObject>
<referredKeyID>D28D88A6-6DF6-7832-220D-BEBEC3F428B3</referredKeyID>
<mandatory>true</mandatory>
<transferable>true</transferable>
<rely>false</rely>
<columnDependencyConstraintGenerateInDDL>true</columnDependencyConstraintGenerateInDDL>
</FKIndexAssociation>