<?xml version = '1.0' encoding = 'UTF-8'?>
<FKIndexAssociation class="oracle.dbtools.crest.model.design.relational.FKIndexAssociation" directorySegmentName="seg_0" id="DEE69B6F-2E25-813F-74D7-4EC382EF95CB" containerWithKeyObject="53384D17-68C2-1311-9A80-4414C1D38C30" localFKIndex="18F1B7A2-51E2-EC57-BFA4-ADED9A57F5BF" name="FAT_VENDA_DIM_PRODUTO_FK">
<createdBy>rm74295</createdBy>
<createdTime>2016-05-20 13:38:15 UTC</createdTime>
<generatorID>56767343-ECF4-9BAB-5E16-FD0ADEA8D281</generatorID>
<ownerDesignName>Modelo Dimensional</ownerDesignName>
<deleteRule>NO ACTION</deleteRule>
<referredTableID>0A2A08DA-68B8-93FB-9CE8-7EC0F4765F6F</referredTableID>
<keyObject>A9AA3A8A-8297-1275-0BD1-F12EF3C5EB0D</keyObject>
<referredKeyID>A9AA3A8A-8297-1275-0BD1-F12EF3C5EB0D</referredKeyID>
<mandatory>true</mandatory>
<transferable>true</transferable>
<rely>false</rely>
<columnDependencyConstraintGenerateInDDL>true</columnDependencyConstraintGenerateInDDL>
</FKIndexAssociation>