<?xml version = '1.0' encoding = 'UTF-8'?>
<relationalModel class="oracle.dbtools.crest.model.design.relational.RelationalDesign" name="Relational_1" id="99A134BC-1461-6F50-4DA7-1CC5F7D96C0E" mainViewID="D42016C9-9B17-8AC1-0A5E-6E08EE312E59">
<createdBy>rm74295</createdBy>
<createdTime>2016-05-03 13:14:12 UTC</createdTime>
<ownerDesignName>Modelo Dimensional</ownerDesignName>
<shouldBeOpen>true</shouldBeOpen>
<selectedRDBMSSite>32076570-2523-435C-2E92-BF29817DFF70</selectedRDBMSSite>
</relationalModel>