<?xml version = '1.0' encoding = 'UTF-8'?>
<Diagram class="oracle.dbtools.crest.swingui.logical.DPVLogical" name="Logical" id="311DF1F6-01F1-FBA9-6068-BFB585806896">
<createdBy>rm74295</createdBy>
<modifiedBy>rm74295</modifiedBy>
<createdTime>2016-05-03 13:15:01 UTC</createdTime>
<autoRoute>false</autoRoute>
<boxInbox>true</boxInbox>
<showLegend>false</showLegend>
<showLabels>false</showLabels>
<showRelAttributes>false</showRelAttributes>
<gridEnabled>false</gridEnabled>
<showGrid>false</showGrid>
<diagramColor>-1</diagramColor>
<display>false</display>
<notation>2</notation>
<objectViews>
<OView class="oracle.dbtools.crest.swingui.logical.TVEntity" oid="194D0FB6-D600-1854-87F6-E85A31709B50" otype="Entity" vid="07066B26-503B-09C1-9AB6-64F8CB5762AC">
<hideElementsInCurrentOnly>false</hideElementsInCurrentOnly>
<bounds x="437" y="751" width="170" height="89"/>
</OView>
<OView class="oracle.dbtools.crest.swingui.logical.TVEntity" oid="1EC81C6A-244C-758C-F69F-97AEFAC5D856" otype="Entity" vid="6E7B81FF-1EA6-D026-220C-5BBEEFF215B6">
<hideElementsInCurrentOnly>false</hideElementsInCurrentOnly>
<bounds x="835" y="284" width="340" height="202"/>
</OView>
<OView class="oracle.dbtools.crest.swingui.logical.TVEntity" oid="2D4B74E3-88F3-AAE8-499B-C8179D37A4C9" otype="Entity" vid="ADB6F55A-FF92-79A7-AE0A-6D0AC7DF8A64">
<hideElementsInCurrentOnly>false</hideElementsInCurrentOnly>
<bounds x="628" y="752" width="170" height="110"/>
</OView>
<OView class="oracle.dbtools.crest.swingui.logical.TVEntity" oid="44B32B5E-E75B-524F-E626-599C1822043C" otype="Entity" vid="67BE14A2-5C2C-70C9-6B44-2C64C2DBE32A">
<hideElementsInCurrentOnly>false</hideElementsInCurrentOnly>
<bounds x="281" y="0" width="270" height="182"/>
</OView>
<OView class="oracle.dbtools.crest.swingui.logical.TVEntity" oid="66A11010-71D2-74E5-68DE-4BB938CD2635" otype="Entity" vid="E61ADBEE-CFBE-F0EF-41CD-75531E7EDA54">
<hideElementsInCurrentOnly>false</hideElementsInCurrentOnly>
<bounds x="564" y="0" width="235" height="142"/>
</OView>
<OView class="oracle.dbtools.crest.swingui.logical.TVEntity" oid="6D1B9952-7BD8-1532-A503-A4DE53F03959" otype="Entity" vid="63D701D9-0472-0C42-C092-7EEDB4430A22">
<hideElementsInCurrentOnly>false</hideElementsInCurrentOnly>
<bounds x="871" y="702" width="205" height="161"/>
</OView>
<OView class="oracle.dbtools.crest.swingui.logical.TVEntity" oid="7A7A945F-B855-F4FA-84E9-96AFAA0831FE" otype="Entity" vid="0CF53CB1-644F-2BEE-2046-9790EE367084">
<hideElementsInCurrentOnly>false</hideElementsInCurrentOnly>
<bounds x="403" y="296" width="247" height="323"/>
</OView>
<OView class="oracle.dbtools.crest.swingui.logical.TVEntity" oid="8F30A779-B397-4828-565B-D4C3C3E877B9" otype="Entity" vid="EB8E57ED-570E-72D6-237B-AB441D594956">
<hideElementsInCurrentOnly>false</hideElementsInCurrentOnly>
<bounds x="974" y="505" width="174" height="139"/>
</OView>
<OView class="oracle.dbtools.crest.swingui.logical.TVEntity" oid="9FA695E2-C44B-DD97-758F-D74AAFDECF61" otype="Entity" vid="4F74D123-D036-06F1-4E31-09759979F580">
<hideElementsInCurrentOnly>false</hideElementsInCurrentOnly>
<bounds x="885" y="103" width="232" height="164"/>
</OView>
<OView class="oracle.dbtools.crest.swingui.logical.TVEntity" oid="BAA0DDB1-2B25-EFFB-16A7-ED2282966307" otype="Entity" vid="FBDF043B-6C22-2269-36C3-339F50C98659">
<hideElementsInCurrentOnly>false</hideElementsInCurrentOnly>
<bounds x="34" y="560" width="236" height="178"/>
</OView>
<OView class="oracle.dbtools.crest.swingui.logical.TVEntity" oid="D576BBC1-53E8-FC1A-C8FA-5EDBEDCF250F" otype="Entity" vid="243F95E1-8642-36BF-1BF1-E57E3096B897">
<hideElementsInCurrentOnly>false</hideElementsInCurrentOnly>
<bounds x="126" y="771" width="170" height="110"/>
</OView>
<OView class="oracle.dbtools.crest.swingui.logical.TVEntity" oid="F82C5258-B25A-608A-2587-2B5FA8A617F9" otype="Entity" vid="12E6EE99-CE63-6AFD-5FEA-A9C9137C9F87">
<hideElementsInCurrentOnly>false</hideElementsInCurrentOnly>
<bounds x="0" y="0" width="268" height="538"/>
</OView>
</objectViews>
<connectors>
<Connector class="oracle.dbtools.crest.swingui.logical.TVRelation" oid="0C1FA1A8-22E5-A26C-6E42-05A831BE32CD" otype="Relation" vid_source="63D701D9-0472-0C42-C092-7EEDB4430A22" vid_target="0CF53CB1-644F-2BEE-2046-9790EE367084">
<hideElementsInCurrentOnly>false</hideElementsInCurrentOnly>
<lineWidth>1</lineWidth>
<points>
<point x="940" y="702"/>
<point x="940" y="557"/>
<point x="650" y="557"/>
</points>
</Connector>
<Connector class="oracle.dbtools.crest.swingui.logical.TVRelation" oid="2BB1A13F-2796-CF1D-EE6D-E46319740BC2" otype="Relation" vid_source="07066B26-503B-09C1-9AB6-64F8CB5762AC" vid_target="0CF53CB1-644F-2BEE-2046-9790EE367084">
<hideElementsInCurrentOnly>false</hideElementsInCurrentOnly>
<lineWidth>1</lineWidth>
<points>
<point x="522" y="751"/>
<point x="522" y="619"/>
</points>
</Connector>
<Connector class="oracle.dbtools.crest.swingui.logical.TVRelation" oid="2F1CD4D3-491B-96BA-DCEF-2F6DBF9BDEDB" otype="Relation" vid_source="4F74D123-D036-06F1-4E31-09759979F580" vid_target="0CF53CB1-644F-2BEE-2046-9790EE367084">
<hideElementsInCurrentOnly>false</hideElementsInCurrentOnly>
<lineWidth>1</lineWidth>
<points>
<point x="885" y="155"/>
<point x="635" y="155"/>
<point x="635" y="296"/>
</points>
</Connector>
<Connector class="oracle.dbtools.crest.swingui.logical.TVRelation" oid="56767343-ECF4-9BAB-5E16-FD0ADEA8D281" otype="Relation" vid_source="E61ADBEE-CFBE-F0EF-41CD-75531E7EDA54" vid_target="0CF53CB1-644F-2BEE-2046-9790EE367084">
<hideElementsInCurrentOnly>false</hideElementsInCurrentOnly>
<lineWidth>1</lineWidth>
<points>
<point x="607" y="142"/>
<point x="607" y="296"/>
</points>
</Connector>
<Connector class="oracle.dbtools.crest.swingui.logical.TVRelation" oid="6FBDC590-0E9F-4A0F-13DB-4DA1F1B354F5" otype="Relation" vid_source="12E6EE99-CE63-6AFD-5FEA-A9C9137C9F87" vid_target="0CF53CB1-644F-2BEE-2046-9790EE367084">
<hideElementsInCurrentOnly>false</hideElementsInCurrentOnly>
<lineWidth>1</lineWidth>
<points>
<point x="268" y="417"/>
<point x="403" y="417"/>
</points>
</Connector>
<Connector class="oracle.dbtools.crest.swingui.logical.TVRelation" oid="7711A7E4-662E-CDD4-0AC5-1441C04A20E8" otype="Relation" vid_source="243F95E1-8642-36BF-1BF1-E57E3096B897" vid_target="0CF53CB1-644F-2BEE-2046-9790EE367084">
<hideElementsInCurrentOnly>false</hideElementsInCurrentOnly>
<lineWidth>1</lineWidth>
<points>
<point x="296" y="828"/>
<point x="415" y="828"/>
<point x="415" y="619"/>
</points>
</Connector>
<Connector class="oracle.dbtools.crest.swingui.logical.TVRelation" oid="82E6B330-7FC9-229F-5D3E-21E6B12B9910" otype="Relation" vid_source="6E7B81FF-1EA6-D026-220C-5BBEEFF215B6" vid_target="0CF53CB1-644F-2BEE-2046-9790EE367084">
<hideElementsInCurrentOnly>false</hideElementsInCurrentOnly>
<lineWidth>1</lineWidth>
<points>
<point x="835" y="391"/>
<point x="650" y="391"/>
</points>
</Connector>
<Connector class="oracle.dbtools.crest.swingui.logical.TVRelation" oid="B795D815-0BBF-E22E-0C7D-403A567940B7" otype="Relation" vid_source="67BE14A2-5C2C-70C9-6B44-2C64C2DBE32A" vid_target="0CF53CB1-644F-2BEE-2046-9790EE367084">
<hideElementsInCurrentOnly>false</hideElementsInCurrentOnly>
<lineWidth>1</lineWidth>
<points>
<point x="477" y="182"/>
<point x="477" y="296"/>
</points>
</Connector>
<Connector class="oracle.dbtools.crest.swingui.logical.TVRelation" oid="BA500C7F-1FFF-EA09-E340-98DEECF16C2F" otype="Relation" vid_source="EB8E57ED-570E-72D6-237B-AB441D594956" vid_target="0CF53CB1-644F-2BEE-2046-9790EE367084">
<hideElementsInCurrentOnly>false</hideElementsInCurrentOnly>
<lineWidth>1</lineWidth>
<points>
<point x="974" y="572"/>
<point x="650" y="572"/>
</points>
</Connector>
<Connector class="oracle.dbtools.crest.swingui.logical.TVRelation" oid="C15092FB-4818-AB4B-526B-87BE3E1A8D82" otype="Relation" vid_source="ADB6F55A-FF92-79A7-AE0A-6D0AC7DF8A64" vid_target="0CF53CB1-644F-2BEE-2046-9790EE367084">
<hideElementsInCurrentOnly>false</hideElementsInCurrentOnly>
<lineWidth>1</lineWidth>
<points>
<point x="639" y="752"/>
<point x="639" y="619"/>
</points>
</Connector>
<Connector class="oracle.dbtools.crest.swingui.logical.TVRelation" oid="DCB5686C-A469-102F-B88B-B822149E5645" otype="Relation" vid_source="FBDF043B-6C22-2269-36C3-339F50C98659" vid_target="0CF53CB1-644F-2BEE-2046-9790EE367084">
<hideElementsInCurrentOnly>false</hideElementsInCurrentOnly>
<lineWidth>1</lineWidth>
<points>
<point x="270" y="589"/>
<point x="403" y="589"/>
</points>
</Connector>
</connectors>
</Diagram>